{
  "configVersion": 4,
  "inventory": {
    "enabled": true,
    "itemCount": false,
    "nbt": false,
    "maxWidth": 9,
    "maxHeight": 3,
    "blacklist": []
  },
  "entityInventory": {
    "enabled": false,
    "itemCount": false,
    "nbt": false,
    "maxWidth": 9,
    "maxHeight": 3,
    "blacklist": []
  },
  "energy": {
    "enabled": true,
    "expandWhenSneak": false,
    "colors": {
      "megane": 7408640,
      "techreborn": 8390656,
      "enhanced_quarries": 7408640,
      "extragenerators": 7408640,
      "modern_industrialization": 11993088,
      "wirelessnetworks": 7408640,
      "advanced_reborn": 7408640,
      "indrev": 3885790,
      "ae2": 6556063,
      "createaddition": 7408640,
      "alloy_forgery": 15684178
    },
    "units": {
      "megane": "E",
      "techreborn": "E",
      "enhanced_quarries": "E",
      "extragenerators": "E",
      "modern_industrialization": "EU",
      "wirelessnetworks": "E",
      "advanced_reborn": "E",
      "indrev": "LF",
      "ae2": "AE",
      "createaddition": "E",
      "alloy_forgery": ""
    },
    "blacklist": [
      "appliedenergistics2:energy_acceptor"
    ]
  },
  "fluid": {
    "enabled": true,
    "expandWhenSneak": false,
    "blacklist": [
      "minecraft:water",
      "minecraft:lava",
      "minecraft:flowing_lava",
      "minecraft:flowing_water"
    ]
  },
  "progress": {
    "enabled": true,
    "showWhenZero": false,
    "blacklist": []
  },
  "effect": {
    "enabled": true,
    "level": true,
    "roman": false,
    "hidden": false,
    "blacklist": []
  },
  "catchServerErrors": true,
  "spawnEgg": true,
  "playerHead": true
}