{
  "tiers": [
    {
      "groups": [
        {
          "num_to_select": 2,
          "trades": [
            {
              "buy": "minecraft:flower_pot",
              "price": 3,
              "maxUses": 16,
              "experience": 2,
              "multiplier": 0.05,
              "type": "BuyForOneEmeraldFactory"
            },
            {
              "sell": {
                "id": "minecraft:honeycomb",
                "count": 1
              },
              "price": 3,
              "count": 1,
              "maxUses": 16,
              "experience": 1,
              "multiplier": 0.05,
              "type": "SellItemFactory"
            }
          ]
        }
      ],
      "total_exp_required": 0
    },
    {
      "groups": [
        {
          "num_to_select": 2,
          "trades": [
            {
              "buy": "minecraft:vine",
              "price": 24,
              "maxUses": 16,
              "experience": 10,
              "multiplier": 0.05,
              "type": "BuyForOneEmeraldFactory"
            },
            {
              "sell": {
                "id": "minecraft:glow_berries",
                "count": 1
              },
              "price": 1,
              "count": 2,
              "maxUses": 16,
              "experience": 5,
              "multiplier": 0.05,
              "type": "SellItemFactory"
            }
          ]
        }
      ],
      "total_exp_required": 10
    },
    {
      "groups": [
        {
          "num_to_select": 2,
          "trades": [
            {
              "sell": {
                "id": "minecraft:small_dripleaf",
                "count": 1
              },
              "price": 1,
              "count": 2,
              "maxUses": 16,
              "experience": 10,
              "multiplier": 0.05,
              "type": "SellItemFactory"
            },
            {
              "sell": {
                "id": "minecraft:honey_bottle",
                "count": 1
              },
              "price": 6,
              "count": 1,
              "maxUses": 16,
              "experience": 10,
              "multiplier": 0.05,
              "type": "SellItemFactory"
            }
          ]
        }
      ],
      "total_exp_required": 70
    },
    {
      "groups": [
        {
          "num_to_select": 2,
          "trades": [
            {
              "buy": "minecraft:moss_block",
              "price": 32,
              "maxUses": 16,
              "experience": 30,
              "multiplier": 0.05,
              "type": "BuyForOneEmeraldFactory"
            },
            {
              "price": 13,
              "structure": "morevillagers:on_swamp_hut_explorer_maps",
              "nameKey": "filled_map.swamp_hut",
              "iconType": "BANNER_GREEN",
              "maxUses": 12,
              "experience": 15,
              "type": "SellMapFactory"
            }
          ]
        }
      ],
      "total_exp_required": 150
    },
    {
      "groups": [
        {
          "num_to_select": 2,
          "trades": [
            {
              "sell": {
                "id": "minecraft:bee_nest",
                "count": 1
              },
              "price": 6,
              "count": 1,
              "maxUses": 12,
              "experience": 30,
              "multiplier": 0.05,
              "type": "SellItemFactory"
            },
            {
              "price": 15,
              "structure": "morevillagers:on_jungle_temple_explorer_maps",
              "nameKey": "filled_map.jungle_pyramid",
              "iconType": "BANNER_LIME",
              "maxUses": 12,
              "experience": 30,
              "type": "SellMapFactory"
            }
          ]
        }
      ],
      "total_exp_required": 250
    }
  ]
}