{
    "tooltips": [
        {
            "index": 0,
            "start_border_gradient": "FFBABABA",
            "end_border_gradient": "FF565656",
            "texture": "tiered_borders",
            "decider": [
                "tiered:common_armor_1",
                "tiered:common_armor_2",
                "tiered:common_armor_3",
                "tiered:common_armor_4",
                "tiered:common_tool_1",
                "tiered:common_tool_2",
                "tiered:common_tool_3",
                "tiered:common_tool_4",
                "tiered:common_melee_1",
                "tiered:common_melee_2",
                "tiered:common_melee_3",
                "tiered:common_melee_4",
                "tiered:common_ranged_1",
                "tiered:common_ranged_2",
                "tiered:common_ranged_3",
                "tiered:common_ranged_4",
                "tiered:common_fishing_1",
                "tiered:common_fishing_2",
                "tiered:common_fishing_3",
                "tiered:common_fishing_4",
                "tiered:common_shield_1",
                "tiered:common_shield_2",
                "tiered:common_shield_3",
                "tiered:common_shield_4"
            ]
        },
        {
            "index": 1,
            "start_border_gradient": "FF3FC43A",
            "end_border_gradient": "FF133F2A",
            "texture": "tiered_borders",
            "decider": [
                "tiered:uncommon_armor_1",
                "tiered:uncommon_armor_2",
                "tiered:uncommon_armor_3",
                "tiered:uncommon_armor_4",
                "tiered:uncommon_tool_1",
                "tiered:uncommon_tool_2",
                "tiered:uncommon_tool_3",
                "tiered:uncommon_tool_4",
                "tiered:uncommon_melee_1",
                "tiered:uncommon_melee_2",
                "tiered:uncommon_melee_3",
                "tiered:uncommon_melee_4",
                "tiered:uncommon_ranged_1",
                "tiered:uncommon_ranged_2",
                "tiered:uncommon_ranged_3",
                "tiered:uncommon_ranged_4",
                "tiered:uncommon_fishing_1",
                "tiered:uncommon_fishing_2",
                "tiered:uncommon_fishing_3",
                "tiered:uncommon_fishing_4",
                "tiered:uncommon_shield_1",
                "tiered:uncommon_shield_2",
                "tiered:uncommon_shield_3",
                "tiered:uncommon_shield_4"
            ]
        },
        {
            "index": 2,
            "start_border_gradient": "FF163F54",
            "end_border_gradient": "FF163F54",
            "texture": "tiered_borders",
            "decider": [
                "tiered:rare_armor_1",
                "tiered:rare_armor_2",
                "tiered:rare_armor_3",
                "tiered:rare_armor_4",
                "tiered:rare_tool_1",
                "tiered:rare_tool_2",
                "tiered:rare_tool_3",
                "tiered:rare_tool_4",
                "tiered:rare_melee_1",
                "tiered:rare_melee_2",
                "tiered:rare_melee_3",
                "tiered:rare_melee_4",
                "tiered:rare_ranged_1",
                "tiered:rare_ranged_2",
                "tiered:rare_ranged_3",
                "tiered:rare_ranged_4",
                "tiered:rare_fishing_1",
                "tiered:rare_fishing_2",
                "tiered:rare_fishing_3",
                "tiered:rare_fishing_4",
                "tiered:rare_shield_1",
                "tiered:rare_shield_2",
                "tiered:rare_shield_3",
                "tiered:rare_shield_4"
            ]
        },
        {
            "index": 3,
            "start_border_gradient": "FF380F54",
            "end_border_gradient": "FF380F54",
            "texture": "tiered_borders",
            "decider": [
                "tiered:epic_armor_1",
                "tiered:epic_armor_2",
                "tiered:epic_armor_3",
                "tiered:epic_armor_4",
                "tiered:epic_tool_1",
                "tiered:epic_tool_2",
                "tiered:epic_tool_3",
                "tiered:epic_tool_4",
                "tiered:epic_melee_1",
                "tiered:epic_melee_2",
                "tiered:epic_melee_3",
                "tiered:epic_melee_4",
                "tiered:epic_ranged_1",
                "tiered:epic_ranged_2",
                "tiered:epic_ranged_3",
                "tiered:epic_ranged_4",
                "tiered:epic_fishing_1",
                "tiered:epic_fishing_2",
                "tiered:epic_fishing_3",
                "tiered:epic_fishing_4",
                "tiered:epic_shield_1",
                "tiered:epic_shield_2",
                "tiered:epic_shield_3",
                "tiered:epic_shield_4"
            ]
        },
        {
            "index": 4,
            "start_border_gradient": "FF6D3C24",
            "end_border_gradient": "FF6D3C24",
            "texture": "tiered_borders",
            "decider": [
                "tiered:legendary_armor_1",
                "tiered:legendary_armor_2",
                "tiered:legendary_armor_3",
                "tiered:legendary_armor_4",
                "tiered:legendary_tool_1",
                "tiered:legendary_tool_2",
                "tiered:legendary_tool_3",
                "tiered:legendary_tool_4",
                "tiered:legendary_melee_1",
                "tiered:legendary_melee_2",
                "tiered:legendary_melee_3",
                "tiered:legendary_melee_4",
                "tiered:legendary_ranged_1",
                "tiered:legendary_ranged_2",
                "tiered:legendary_ranged_3",
                "tiered:legendary_ranged_4",
                "tiered:legendary_fishing_1",
                "tiered:legendary_fishing_2",
                "tiered:legendary_fishing_3",
                "tiered:legendary_fishing_4",
                "tiered:legendary_shield_1",
                "tiered:legendary_shield_2",
                "tiered:legendary_shield_3",
                "tiered:legendary_shield_4"
            ]
        },
        {
            "index": 5,
            "start_border_gradient": "FF5C4C2D",
            "end_border_gradient": "FF5C4C2D",
            "texture": "tiered_borders",
            "decider": [
                "tiered:unique_armor_1",
                "tiered:unique_armor_2",
                "tiered:unique_armor_3",
                "tiered:unique_armor_4",
                "tiered:unique_tool_1",
                "tiered:unique_tool_2",
                "tiered:unique_tool_3",
                "tiered:unique_tool_4",
                "tiered:unique_melee_1",
                "tiered:unique_melee_2",
                "tiered:unique_melee_3",
                "tiered:unique_melee_4",
                "tiered:unique_ranged_1",
                "tiered:unique_ranged_2",
                "tiered:unique_ranged_3",
                "tiered:unique_ranged_4",
                "tiered:unique_fishing_1",
                "tiered:unique_fishing_2",
                "tiered:unique_fishing_3",
                "tiered:unique_fishing_4",
                "tiered:unique_shield_1",
                "tiered:unique_shield_2",
                "tiered:unique_shield_3",
                "tiered:unique_shield_4"
            ]
        }
    ]
}