{
  "modPriorities": [
    "minecraft",
    "kubejs",
    "techreborn",
    "modern_industrialization",
    "betternether",
    "betterend",
    "create",
    "createplus",
    "createadditions",
    "indrev",
    "mythicmetals",
    "gobber2",
    "bewitchment",
    "resourceful_tools",
    "teenycoal",
    "ae2",
    "ad_astra",
    "betternether",
    "galosphere",
    "bno",
    "galosphere"
  ],
  "stoneStrata": [
    "stone",
    "nether",
    "deepslate",
    "granite",
    "diorite",
    "andesite"
  ],
  "tags": [
    "c:{material}_nuggets",
    "c:{material}_dusts",
    "c:{material}_gears",
    "c:{material}_gems",
    "c:{material}_ingots",
    "c:{material}_raw_materials",
    "c:{material}_ores",
    "c:{material}_plates",
    "c:{material}_rods",
    "c:{material}_blocks",
    "c:{material}_wires",
    "c:{material}_storage_blocks",
    "c:raw_{material}_ores",
    "c:raw_{material}_blocks",
    "c:raw_{material}_storage_blocks"
  ],
  "materials": [
    "aeternium",
    "aluminum",
    "amber",
    "apatite",
    "bauxite",
    "bitumen",
    "brass",
    "bronze",
    "carbon",
    "charcoal",
    "chrome",
    "cinnabar",
    "coal",
    "coal_coke",
    "cobalt",
    "constantan",
    "copper",
    "diamond",
    "electrum",
    "elementium",
    "emerald",
    "enderium",
    "fluorite",
    "gold",
    "graphite",
    "invar",
    "iridium",
    "iron",
    "lapis",
    "lead",
    "lumium",
    "manganese",
    "mithril",
    "thallasium",
    "netherite",
    "nickel",
    "obsidian",
    "osmium",
    "peridot",
    "platinum",
    "quartz",
    "potassium_nitrate",
    "ruby",
    "sapphire",
    "signalum",
    "silicon",
    "silver",
    "steel",
    "sulfur",
    "tin",
    "titanium",
    "tungsten",
    "uranium",
    "zinc"
  ],
  "priorityOverrides": {},
  "ignoredTags": [],
  "ignoredItems": [
    "ad_astra:mercury_iron_ore",
    "ad_astra:moon_iron_ore",
    "ad_astra:mars_iron_ore",
    "ad_astra:glacio_iron_ore",
    "ad_astra:glacio_copper_ore",
    "ad_astra:mars_diamond_ore",
    "ad_astra:venus_diamond_ore",
    "ad_astra:glacio_lapis_ore",
    "ad_astra:glacio_coal_ore",
    "ad_astra:venus_coal_ore",
    "betternether:nether_ruby_ore",
    "spectrum:blackslag_iron_ore",
    "minecraft:copper_block",
    "minecraft:raw_iron",
    "minecraft:raw_gold",
    "minecraft:raw_copper",
    "minecraft:quartz_block",
    "minecraft:quartz",
    "minecraft:quartz_ore",
    "minecraft:gold_ore",
    "minecraft:copper_ingot",
    "minecraft:nether_gold_ore",
    "minecraft:nether_quartz_ore",
    "minecraft:deepslate_coal_ore",
    "minecraft:deepslate_copper_ore",
    "minecraft:deepslate_iron_ore",
    "minecraft:deepslate_gold_ore",
    "minecraft:deepslate_diamond_ore",
    "minecraft:deepslate_emerald_ore",
    "minecraft:deepslate_lapis_ore",
    "byg:blue_nether_gold_ore",
    "byg:brimstone_nether_gold_ore",
    "modern_industrialization:lignite_coal_ore",
    "modern_industrialization:deepslate_lignite_coal_ore",
    "modern_industrialization:lignite_coal_dust",
    "modern_industrialization:lignite_coal_block",
    "mythicmetals:manganese_ingot",
    "mythicmetals:manganese_nugget",
    "techreborn:refined_iron_ingot",
    "techreborn:refined_iron_nugget",
    "bewitchment:salt_ore",
    "bewitchment:salt",
    "modern_industrialization:tungsten_dust",
    "modern_industrialization:tin_dust",
    "deeperdarker:sculk_stone_redstone_ore",
    "betterend:thallasium_.*",
    "betterend:ender_.*",
    "betterend:amber_.*",
    "betternether:cincinnasite_.*",
    "betternether:cincinnasite",
    "indrev:salt",
    "create:brass_block",
    "create:brass_ingot",
    "create:brass_nugget",
    "create:brass_sheet",
    "create:crushed_zinc_ore",
    "create:deepslate_zinc_ore",
    "create:deepslate_zinc_ore",
    "create:raw_zinc_block",
    "create:raw_zinc",
    "create:zinc_block",
    "create:zinc_ingot",
    "create:zinc_ore"
  ],
  "ignoredRecipeTypes": [],
  "ignoredRecipes": [],
  "itemsHidingJeiRei": true
}