{
    "ModSettings": {
        "highlight_foused_items": {
            "value": false
        },
        "highlight_foused_items_foreground": false,
        "enable_updates_check": false,
        "add_interval_between_clicks": {
            "value": true
        },
        "interval_between_clicks_ms": 5,
        "first_run": false
    },
    "GuiSettings": {
        "enable_inventory_editor_button": {
            "value": false
        },
        "enable_profiles_ui": {
            "value": false
        },
        "enable_inventory_buttons": {
            "value": false
        }
    },
    "LockedSlotsSettings": {
        "locked_slots_empty_hotbar_as_semi_locked": {
            "value": false
        }
    },
    "AutoRefillSettings": {
        "refill_before_tool_break": {
            "value": false
        },
        "tool_damage_threshold": 7,
        "auto_refill_wait_tick": 15,
        "type_visual_durability_notification": "CHAT",
        "audio_durability_notification": {
            "value": false
        },
        "number_of_notifications": 1,
        "visual_replace_success_notification": {
            "value": false
        },
        "visual_replace_failed_notification": {
            "value": false
        },
        "audio_replace_failed_notification": {
            "value": false
        }
    },
    "Hotkeys": {
        "sort_inventory": {
            "main": {
                "keys": "BUTTON_3"
            }
        },
        "sort_inventory_in_columns": {
            "main": {
                "keys": "LEFT_CONTROL,BUTTON_3"
            }
        },
        "sort_inventory_in_rows": {
            "main": {
                "keys": "LEFT_SHIFT,BUTTON_3"
            }
        },
        "dump_item_nbt_to_chat": {
            "main": {
                "keys": "LEFT_CONTROL,N"
            }
        }
    }
}