{
  "beenfo.config.popupypercent": {
    "key": "beenfo.config.popupypercent",
    "toolTip": "beenfo.config.tt.popupypercent",
    "value": 50,
    "defaultValue": 50,
    "minValue": 0,
    "maxValue": 100
  },
  "beenfo.config.popupxpercent": {
    "key": "beenfo.config.popupxpercent",
    "toolTip": "beenfo.config.tt.popupxpercent",
    "value": 50,
    "defaultValue": 50,
    "minValue": 0,
    "maxValue": 100
  },
  "beenfo.config.showpopup": {
    "key": "beenfo.config.showpopup",
    "toolTip": "beenfo.config.tt.showpopup",
    "value": true,
    "defaultValue": false
  }
}