{
  "disabledPoppets": [],
  "enableCurses": false,
  "altarDistributionRadius": 24,
  "generateSilver": false,
  "generateSalt": true,
  "owlWeight": 10,
  "owlMinGroupCount": 1,
  "owlMaxGroupCount": 2,
  "ravenWeight": 10,
  "ravenMinGroupCount": 1,
  "ravenMaxGroupCount": 3,
  "snakeWeight": 6,
  "snakeMinGroupCount": 1,
  "snakeMaxGroupCount": 2,
  "toadWeight": 10,
  "toadMinGroupCount": 1,
  "toadMaxGroupCount": 3,
  "ghostWeight": 10,
  "ghostMinGroupCount": 1,
  "ghostMaxGroupCount": 1,
  "vampireWeight": 10,
  "vampireMinGroupCount": 1,
  "vampireMaxGroupCount": 1,
  "werewolfWeight": 0,
  "werewolfMinGroupCount": 0,
  "werewolfMaxGroupCount": 0,
  "hellhoundWeight": 0,
  "hellhoundMinGroupCount": 0,
  "hellhoundMaxGroupCount": 0
}