{
  "settings": {
    "//settings": "General Settings",
    "//maxDistance": "Maximum distance from where Blocks and Entities can be picked up",
    "maxDistance": 2.5,
    "//maxEntityWidth": "Max width of entities that can be picked up in survival mode",
    "maxEntityWidth": 1.5,
    "//maxEntityHeight": "Max height of entities that can be picked up in survival mode",
    "maxEntityHeight": 2.5,
    "//blockSlownessMultiplier": "Slowness multiplier for blocks",
    "blockSlownessMultiplier": 1.2,
    "//entitySlownessMultiplier": "Slowness multiplier for entities",
    "entitySlownessMultiplier": 1.5,
    "//maxEntityStackLimit": "Maximum stack limit for entities",
    "maxEntityStackLimit": 2,
    "//heavyTiles": "More complex Tile Entities slow down the player more",
    "heavyTiles": true,
    "//pickupAllBlocks": "Allow all blocks to be picked up, not just Tile Entites. White/Blacklist will still be respected.",
    "pickupAllBlocks": false,
    "//slownessInCreative": "Whether Blocks and Entities slow the creative player down when carried",
    "slownessInCreative": false,
    "//pickupHostileMobs": "Whether hostile mobs should be able to picked up in survival mode",
    "pickupHostileMobs": false,
    "//heavyEntities": "Larger Entities slow down the player more",
    "heavyEntities": true,
    "//allowBabies": "Allow babies to be carried even when adult mob is blacklisted (or not whitelisted)",
    "allowBabies": false,
    "//useWhitelistBlocks": "Use Whitelist instead of Blacklist for Blocks",
    "useWhitelistBlocks": false,
    "//useWhitelistEntities": "Use Whitelist instead of Blacklist for Entities",
    "useWhitelistEntities": false,
    "//useWhitelistStacking": "Use Whitelist instead of Blacklist for Stacking",
    "useWhitelistStacking": false,
    "//hitWhileCarrying": "Whether the player can hit blocks and entities while carrying or not",
    "hitWhileCarrying": false,
    "//dropCarriedWhenHit": "Whether the player drops the carried object when hit or not",
    "dropCarriedWhenHit": true,
    "//useScripts": "Use custom Pickup Scripts. Having this set to false, will not allow you to run scripts, but will increase your performance",
    "useScripts": false,
    "//stackableEntities": "Allows entities to be stacked on top of each other",
    "stackableEntities": true,
    "//entitySizeMattersStacking": "Whether entities' size matters when stacking or not. This means that larger entities cannot be stacked on smaller ones",
    "entitySizeMattersStacking": true,
    "//placementStateExceptions": "Usually all the block state information is retained when placing a block that was picked up. But some information is changed to a modified property, like rotation or orientation. In this list, add additional properties that should NOT be saved and instead be updated when placed. Format: modid:block[propertyname]. Note: You don't need to add an entry for every subtype of a same block. For example, we only add an entry for one type of slab, but the change is applied to all slabs.",
    "placementStateExceptions": [
      "minecraft:chest[type]",
      "minecraft:stone_button[face]",
      "minecraft:vine[north,east,south,west,up]",
      "minecraft:creeper_head[rotation]",
      "minecraft:glow_lichen[north,east,south,west,up,down]",
      "minecraft:oak_sign[rotation]",
      "minecraft:oak_trapdoor[half]"
    ],
    "//pickupPlayers": "Whether Players can be picked up. Creative players can't be picked up in Survival Mode",
    "pickupPlayers": true
  },
  "whitelist": {
    "//whitelist": "Whitelist. Read about the format here: https://github.com/Tschipp/CarryOn/wiki/Black---and-Whitelist-Config",
    "//allowedEntities": "Entities that CAN be picked up (useWhitelistEntities must be true)",
    "allowedEntities": [],
    "//allowedBlocks": "Blocks that CAN be picked up (useWhitelistBlocks must be true)",
    "allowedBlocks": [],
    "//allowedStacking": "Entities that CAN have other entities stacked on top of them (useWhitelistStacking must be true)",
    "allowedStacking": []
  },
  "blacklist": {
    "//blacklist": "Blacklist. Read about the format here: https://github.com/Tschipp/CarryOn/wiki/Black---and-Whitelist-Config",
    "//forbiddenTiles": "Blocks that cannot be picked up",
    "forbiddenTiles": [
      "#forge:immovable",
      "#c:must_not_be_moved",
      "chisel:*",
      "#forge:relocation_not_supported",
      "minecraft:end_portal",
      "dimdoors:*",
      "spectrum:*",
      "minecraft:piston_head",
      "minecraft:end_gateway",
      "minecraft:tall_grass",
      "minecraft:large_fern",
      "minecraft:peony",
      "minecraft:rose_bush",
      "travelersbackpack:*",
      "yigd:grave",
      "minecraft:lilac",
      "minecraft:sunflower",
      "minecraft:*_bed",
      "minecraft:*_door",
      "minecraft:big_dripleaf_stem",
      "minecraft:waterlily",
      "minecraft:cake",
      "minecraft:nether_portal",
      "minecraft:tall_seagrass",
      "animania:block_trough",
      "animania:block_invisiblock",
      "colossalchests:*",
      "ic2:*",
      "bigreactors:*",
      "forestry:*",
      "tconstruct:*",
      "rustic:*",
      "botania:*",
      "astralsorcery:*",
      "doom:*",
      "minecraft:bedrock",
      "quark:colored_bed_*",
      "immersiveengineering:*",
      "embers:block_furnace",
      "embers:ember_bore",
      "embers:ember_activator",
      "embers:mixer",
      "embers:heat_coil",
      "embers:large_tank",
      "embers:crystal_cell",
      "embers:alchemy_pedestal",
      "embers:boiler",
      "embers:combustor",
      "embers:catalzyer",
      "embers:field_chart",
      "embers:inferno_forge",
      "storagedrawers:framingtable",
      "skyresources:*",
      "lootbags:*",
      "exsartagine:*",
      "aquamunda:tank",
      "opencomputers:*",
      "malisisdoors:*",
      "industrialforegoing:*",
      "minecolonies:*",
      "thaumcraft:pillar*",
      "thaumcraft:infernal_furnace",
      "thaumcraft:placeholder*",
      "thaumcraft:infusion_matrix",
      "thaumcraft:golem_builder",
      "thaumcraft:thaumatorium*",
      "magneticraft:oil_heater",
      "magneticraft:solar_panel",
      "magneticraft:steam_engine",
      "magneticraft:shelving_unit",
      "magneticraft:grinder",
      "magneticraft:sieve",
      "magneticraft:solar_tower",
      "magneticraft:solar_mirror",
      "magneticraft:container",
      "magneticraft:pumpjack",
      "magneticraft:solar_panel",
      "magneticraft:refinery",
      "magneticraft:oil_heater",
      "magneticraft:hydraulic_press",
      "magneticraft:multiblock_gap",
      "ad_astra:*",
      "refinedstorage:*",
      "mcmultipart:*",
      "enderstorage:*",
      "betterstorage:*",
      "practicallogistics2:*",
      "wearablebackpacks:*",
      "rftools:screen",
      "rftools:creative_screen",
      "create:*",
      "magic_doorknob:*",
      "iceandfire:*",
      "ftbquests:*",
      "waystones:*",
      "contact:*",
      "framedblocks:*",
      "ae2:chest",
      "ae2:cell_workbench",
      "ae2:spatial_anchor",
      "adventurez:brown_fungus",
      "adventurez:deer",
      "adventurez:iguana",
      "adventurez:red_fungus",
      "aqupd:caracal",
      "bewitchment:toad",
      "bewitchment:raven",
      "bewitchment:trapped_elder_chest",
      "bewitchment:elder_chest",
      "bewitchment:dragons_blood_chest",
      "bewitchment:trapped_dragon_blood_chest",
      "bewitchment:juniper_chest",
      "bewitchment:trapped_juniper_chest",
      "bewitchment:cypress_chest",
      "bewitchment:trapped_cypress_chest",
      "betternether:stalagnate_chest",
      "betternether:willow_chest",
      "betternether:rubeus_chest",
      "betternether:nether_reed_chest",
      "betternether:wart_chest",
      "betternether:mushroom_fir_chest",
      "betternether:nether_mushroom_chest",
      "betternether:anchor_tree_chest",
      "betternether:nether_sakura_chest",
      "betternether:crimson_chest",
      "betternether:warped_chest",
      "betternether:chest_of_drawers",
      "conjuring:conjurer",
      "conjuring:soulfire_forge",
      "conjuring:blackstone_pedestal",
      "myloot:loot_chest_minecart",
      "myloot:loot_chest",
      "myloot:loot_shulker_box",
      "myloot:opened_loot_chest",
      "dummmmmy:target_dummy_placer",
      "dankstorage:dock",
      "expandedstorage:candy_cane_mini_present",
      "expandedstorage:diamond_barrel",
      "expandedstorage:diamond_chest",
      "expandedstorage:gold_barrel",
      "expandedstorage:iron_barrel",
      "expandedstorage:netherite_barrel",
      "expandedstorage:obsidian_barrel",
      "expandedstorage:pumpkin_chest",
      "expandedstorage:pumpkin_mini_chest",
      "expandedstorage:red_mini_present",
      "expandedstorage:vanilla_wood_mini_chest",
      "expandedstorage:white_mini_present",
      "expandedstorage:wood_mini_chest",
      "ironfurnaces:block_heater",
      "ironfurnaces:copper_furnace",
      "ironfurnaces:crystal_furnace",
      "ironfurnaces:diamond_furnace",
      "ironfurnaces:emerald_furnace",
      "ironfurnaces:gold_furnace",
      "ironfurnaces:iron_furnace",
      "ironfurnaces:item_heater",
      "ironfurnaces:item_spooky",
      "ironfurnaces:item_xmas",
      "ironfurnaces:netherite_furnace",
      "ironfurnaces:obsidian_furnace",
      "ironfurnaces:silver_furnace",
      "lovely_snails:snail",
      "minecraft:axolotl",
      "minecraft:oak_boat",
      "#minecraft:boats",
      "minecraft:cat",
      "minecraft:chest_minecart",
      "minecraft:chicken",
      "minecraft:cod",
      "minecraft:cow",
      "minecraft:crafting_table",
      "minecraft:donkey ",
      "minecraft:egg",
      "minecraft:fox",
      "minecraft:furnace",
      "minecraft:goat",
      "minecraft:hopper",
      "minecraft:mule",
      "minecraft:parrot",
      "minecraft:pig",
      "minecraft:rabbit",
      "minecraft:salmon",
      "minecraft:sheep",
      "modern_industrialization:bronze_furnace",
      "modern_industrialization:electric_blast_furnace",
      "modern_industrialization:electric_furnace",
      "modern_industrialization:steel_furnace",
      "techreborn:electric_furnace",
      "techreborn:industrial_blast_furnace",
      "techreborn:iron_alloy_furnace",
      "techreborn:iron_furnace",
      "techreborn:grinder",
      "techreborn:industrial_grinder",
      "toms_storage:ts.inventory_cable",
      "toms_storage:ts.inventory_cable_framed",
      "toms_storage:ts.inventory_connector",
      "storagecabinet:cabinet_manager",
      "untitledduckmod:duck",
      "untitledduckmod:goose",
      "conjuring:*",
      "galosphere:*",
      "automobility:*",
      "minecells:*",
      "deeperdarker:*",
      "immersive_aircraft:*",
      "conjuring:blackstone_pedestal",
      "conjuring:gem_tinkerer",
      "conjuring:soul_weaver",
      "conjuring:soul_funnel",
      "spelunkery:*",
      "dimdoors:*",
      "bitsandchisels:*"
    ],
    "//forbiddenEntities": "Entities that cannot be picked up",
    "forbiddenEntities": [
      "minecraft:end_crystal",
      "minecraft:ender_dragon",
      "minecraft:ghast",
      "minecraft:shulker",
      "minecraft:leash_knot",
      "minecraft:armor_stand",
      "minecraft:item_frame",
      "minecraft:painting",
      "dimdoors:*",
      "minecraft:shulker_bullet",
      "minecraft:wandering_trader",
      "minecraft:llama",
      "minecraft:trader_llama",
      "minecraft:warden",
      "minecraft:wither",
      "minecraft:creeper",
      "creeperoverhaul:*",
      "minecells:*",
      "deeperdarker:*",
      "animania:hamster",
      "animania:ferret*",
      "earthtojavamobs:*",
      "animania:hedgehog*",
      "animania:cart",
      "animania:wagon",
      "mynko:*",
      "pixelmon:*",
      "mocreatures:*",
      "quark:totem",
      "doom:*",
      "earth:*",
      "earthtojavamobs:*",
      "conjuring:*",
      "wildlife:*",
      "mobz:*",
      "crittersandcompanions:*",
      "vehicle:*",
      "automobility:*",
      "immersive_aircraft:*",
      "bosses_of_mass_destruction:*",
      "adventurez:*",
      "create:*",
      "bitsandchisels:*",
      "supplementaries:*"
    ],
    "//forbiddenStacking": "Entities that cannot have other entities stacked on top of them",
    "forbiddenStacking": [
      "minecraft:horse",
      "wildlife:*"
    ]
  },
  "customPickupConditions": {
    "//customPickupConditions": "Custom Pickup Conditions. Read about the format here: https://github.com/Tschipp/CarryOn/wiki/Custom-Pickup-Condition-Config",
    "//customPickupConditionsBlocks": "Custom Pickup Conditions for Blocks",
    "customPickupConditionsBlocks": [],
    "//customPickupConditionsEntities": "Custom Pickup Conditions for Entities",
    "customPickupConditionsEntities": []
  }
}