{
  "enable_all_villager_trades": false,
  "enable_weaponsmith_trades": true,
  "enable_toolsmith_trades": false,
  "enable_mason_trades": true,
  "enable_soulcube_effects": false,
  "enable_daisy_effects": false,
  "doom_armor_head_stat": 8,
  "doom_armor_chestplate_stat": 8,
  "doom_armor_leggings_stat": 6,
  "doom_armor_boots_stat": 6,
  "doom_armor_toughness": 1.75,
  "doom_armor_knockbackResistance": 0.175,
  "marauder_max_uses": 11,
  "marauder_axe_item_damage": 40.0,
  "crucible_max_uses": 7,
  "crucible_damage": 23.0,
  "darkcrucible_max_uses": 9,
  "darkcrucible_damage": 27.0,
  "sentinelhammer_max_uses": 11,
  "sentinelhammer_damage": 32.0,
  "enable_block_breaking": false,
  "enable_noncenter": false,
  "argent_bolt_damage": 13.5,
  "bfgball_damage": 80.0,
  "bfgball_damage_dragon": 30.0,
  "bfgball_damage_aoe": 5.0,
  "bfg_damage_mob_whitelist": [
    ""
  ],
  "bullet_damage": 3.7,
  "chaingun_bullet_damage": 3.4,
  "energycell_damage": 1.5,
  "rocket_damage": 18.0,
  "shotgun_damage": 10.5,
  "unmaykr_damage": 1.8,
  "grenade_damage": 21.0,
  "chainsaw_damage": 2.2,
  "max_meathook_distance": 32.0,
  "imp_biomes": [
    "minecraft:crimson_forest",
"minecraft:warped_forest",
"minecraft:nether_wastes",
"minecraft:soul_sand_valley",
"minecraft:basalt_deltas",
"betternether:bone_reef",
"betternether:crimson_pinewoo",
"betternether:gravel_desert",
"betternether:magma_land",
"betternether:nether_grasslands",
"betternether:nether_jungle",
"betternether:nether_mushroom_forest",
"betternether:nether_mushroom_forest_edge",
"betternether:nether_swampland",
"betternether:nether_swampland_terraces",
"betternether:poor_nether_grasslands",
"betternether:soul_plain",
"betternether:sulfuric_bone_reef",
"betternether:upside_down_forest",
"betternether:wart_forest","byg:weeping_mire","byg:embur_bog","byg:brimstone_caverns","byg:subzero_hypogeal","byg:warped_desert","byg:magma_wastes","byg:quartz_desert","byg:crimson_gardens","byg:glowstone_gardens","byg:sythian_torrids","byg:wailing_garth","byg:arisian_undergrowth"
  ],
  "imp_spawn_weight": 20,
  "imp_min_group": 2,
  "imp_max_group": 4,
  "pinky_biomes": [
    "minecraft:crimson_forest",
"minecraft:warped_forest",
"minecraft:nether_wastes",
"minecraft:soul_sand_valley",
"minecraft:basalt_deltas",
"betternether:bone_reef",
"betternether:crimson_pinewoo",
"betternether:gravel_desert",
"betternether:magma_land",
"betternether:nether_grasslands",
"betternether:nether_jungle",
"betternether:nether_mushroom_forest",
"betternether:nether_mushroom_forest_edge",
"betternether:nether_swampland",
"betternether:nether_swampland_terraces",
"betternether:poor_nether_grasslands",
"betternether:soul_plain",
"betternether:sulfuric_bone_reef",
"betternether:upside_down_forest",
"betternether:wart_forest","byg:weeping_mire","byg:embur_bog","byg:brimstone_caverns","byg:subzero_hypogeal","byg:warped_desert","byg:magma_wastes","byg:quartz_desert","byg:crimson_gardens","byg:glowstone_gardens","byg:sythian_torrids","byg:wailing_garth","byg:arisian_undergrowth"
  ],
  "pinky_spawn_weight": 15,
  "pinky_min_group": 1,
  "pinky_max_group": 4,
  "spectre_biomes": [
    "minecraft:crimson_forest",
"minecraft:warped_forest",
"minecraft:nether_wastes",
"minecraft:soul_sand_valley",
"minecraft:basalt_deltas",
"betternether:bone_reef",
"betternether:crimson_pinewoo",
"betternether:gravel_desert",
"betternether:magma_land",
"betternether:nether_grasslands",
"betternether:nether_jungle",
"betternether:nether_mushroom_forest",
"betternether:nether_mushroom_forest_edge",
"betternether:nether_swampland",
"betternether:nether_swampland_terraces",
"betternether:poor_nether_grasslands",
"betternether:soul_plain",
"betternether:sulfuric_bone_reef",
"betternether:upside_down_forest",
"betternether:wart_forest","byg:weeping_mire","byg:embur_bog","byg:brimstone_caverns","byg:subzero_hypogeal","byg:warped_desert","byg:magma_wastes","byg:quartz_desert","byg:crimson_gardens","byg:glowstone_gardens","byg:sythian_torrids","byg:wailing_garth","byg:arisian_undergrowth"
  ],
  "spectre_spawn_weight": 14,
  "spectre_min_group": 2,
  "spectre_max_group": 4,
  "lost_soul_biomes": [
    "minecraft:crimson_forest",
"minecraft:warped_forest",
"minecraft:nether_wastes",
"minecraft:soul_sand_valley",
"minecraft:basalt_deltas",
"betternether:bone_reef",
"betternether:crimson_pinewoo",
"betternether:gravel_desert",
"betternether:magma_land",
"betternether:nether_grasslands",
"betternether:nether_jungle",
"betternether:nether_mushroom_forest",
"betternether:nether_mushroom_forest_edge",
"betternether:nether_swampland",
"betternether:nether_swampland_terraces",
"betternether:poor_nether_grasslands",
"betternether:soul_plain",
"betternether:sulfuric_bone_reef",
"betternether:upside_down_forest",
"betternether:wart_forest","byg:weeping_mire","byg:embur_bog","byg:brimstone_caverns","byg:subzero_hypogeal","byg:warped_desert","byg:magma_wastes","byg:quartz_desert","byg:crimson_gardens","byg:glowstone_gardens","byg:sythian_torrids","byg:wailing_garth","byg:arisian_undergrowth"
  ],
  "lost_soul_spawn_weight": 22,
  "lost_soul_min_group": 1,
  "lost_soul_max_group": 3,
  "cacodemon_biomes": [
    "minecraft:crimson_forest",
"minecraft:warped_forest",
"minecraft:nether_wastes",
"minecraft:soul_sand_valley",
"minecraft:basalt_deltas",
"betternether:bone_reef",
"betternether:crimson_pinewoo",
"betternether:gravel_desert",
"betternether:magma_land",
"betternether:nether_grasslands",
"betternether:nether_jungle",
"betternether:nether_mushroom_forest",
"betternether:nether_mushroom_forest_edge",
"betternether:nether_swampland",
"betternether:nether_swampland_terraces",
"betternether:poor_nether_grasslands",
"betternether:soul_plain",
"betternether:sulfuric_bone_reef",
"betternether:upside_down_forest",
"betternether:wart_forest","byg:weeping_mire","byg:embur_bog","byg:brimstone_caverns","byg:subzero_hypogeal","byg:warped_desert","byg:magma_wastes","byg:quartz_desert","byg:crimson_gardens","byg:glowstone_gardens","byg:sythian_torrids","byg:wailing_garth","byg:arisian_undergrowth"
  ],
  "cacodemon_spawn_weight": 7,
  "cacodemon_min_group": 1,
  "cacodemon_max_group": 2,
  "archvile_biomes": [
    "minecraft:crimson_forest",
"minecraft:warped_forest",
"minecraft:nether_wastes",
"minecraft:soul_sand_valley",
"minecraft:basalt_deltas",
"betternether:bone_reef",
"betternether:crimson_pinewoo",
"betternether:gravel_desert",
"betternether:magma_land",
"betternether:nether_grasslands",
"betternether:nether_jungle",
"betternether:nether_mushroom_forest",
"betternether:nether_mushroom_forest_edge",
"betternether:nether_swampland",
"betternether:nether_swampland_terraces",
"betternether:poor_nether_grasslands",
"betternether:soul_plain",
"betternether:sulfuric_bone_reef",
"betternether:upside_down_forest",
"betternether:wart_forest","byg:weeping_mire","byg:embur_bog","byg:brimstone_caverns","byg:subzero_hypogeal","byg:warped_desert","byg:magma_wastes","byg:quartz_desert","byg:crimson_gardens","byg:glowstone_gardens","byg:sythian_torrids","byg:wailing_garth","byg:arisian_undergrowth"
  ],
  "archvile_spawn_weight": 6,
  "archvile_min_group": 1,
  "archvile_max_group": 2,
  "baron_biomes": [
    "minecraft:crimson_forest",
"minecraft:warped_forest",
"minecraft:nether_wastes",
"minecraft:soul_sand_valley",
"minecraft:basalt_deltas",
"betternether:bone_reef",
"betternether:crimson_pinewoo",
"betternether:gravel_desert",
"betternether:magma_land",
"betternether:nether_grasslands",
"betternether:nether_jungle",
"betternether:nether_mushroom_forest",
"betternether:nether_mushroom_forest_edge",
"betternether:nether_swampland",
"betternether:nether_swampland_terraces",
"betternether:poor_nether_grasslands",
"betternether:soul_plain",
"betternether:sulfuric_bone_reef",
"betternether:upside_down_forest",
"betternether:wart_forest","byg:weeping_mire","byg:embur_bog","byg:brimstone_caverns","byg:subzero_hypogeal","byg:warped_desert","byg:magma_wastes","byg:quartz_desert","byg:crimson_gardens","byg:glowstone_gardens","byg:sythian_torrids","byg:wailing_garth","byg:arisian_undergrowth"
  ],
  "baron_spawn_weight": 3,
  "baron_min_group": 1,
  "baron_max_group": 1,
  "mancubus_biomes": [
    "minecraft:crimson_forest",
"minecraft:warped_forest",
"minecraft:nether_wastes",
"minecraft:soul_sand_valley",
"minecraft:basalt_deltas",
"betternether:bone_reef",
"betternether:crimson_pinewoo",
"betternether:gravel_desert",
"betternether:magma_land",
"betternether:nether_grasslands",
"betternether:nether_jungle",
"betternether:nether_mushroom_forest",
"betternether:nether_mushroom_forest_edge",
"betternether:nether_swampland",
"betternether:nether_swampland_terraces",
"betternether:poor_nether_grasslands",
"betternether:soul_plain",
"betternether:sulfuric_bone_reef",
"betternether:upside_down_forest",
"betternether:wart_forest","byg:weeping_mire","byg:embur_bog","byg:brimstone_caverns","byg:subzero_hypogeal","byg:warped_desert","byg:magma_wastes","byg:quartz_desert","byg:crimson_gardens","byg:glowstone_gardens","byg:sythian_torrids","byg:wailing_garth","byg:arisian_undergrowth"
  ],
  "mancubus_spawn_weight": 6,
  "mancubus_min_group": 1,
  "mancubus_max_group": 1,
  "revenant_biomes": [
    "minecraft:crimson_forest",
"minecraft:warped_forest",
"minecraft:nether_wastes",
"minecraft:soul_sand_valley",
"minecraft:basalt_deltas",
"betternether:bone_reef",
"betternether:crimson_pinewoo",
"betternether:gravel_desert",
"betternether:magma_land",
"betternether:nether_grasslands",
"betternether:nether_jungle",
"betternether:nether_mushroom_forest",
"betternether:nether_mushroom_forest_edge",
"betternether:nether_swampland",
"betternether:nether_swampland_terraces",
"betternether:poor_nether_grasslands",
"betternether:soul_plain",
"betternether:sulfuric_bone_reef",
"betternether:upside_down_forest",
"betternether:wart_forest","byg:weeping_mire","byg:embur_bog","byg:brimstone_caverns","byg:subzero_hypogeal","byg:warped_desert","byg:magma_wastes","byg:quartz_desert","byg:crimson_gardens","byg:glowstone_gardens","byg:sythian_torrids","byg:wailing_garth","byg:arisian_undergrowth"
  ],
  "revenant_spawn_weight": 8,
  "revenant_min_group": 1,
  "revenant_max_group": 3,
  "zombieman_biomes": [
    "minecraft:crimson_forest",
"minecraft:warped_forest",
"minecraft:nether_wastes",
"minecraft:soul_sand_valley",
"minecraft:basalt_deltas",
"betternether:bone_reef",
"betternether:crimson_pinewoo",
"betternether:gravel_desert",
"betternether:magma_land",
"betternether:nether_grasslands",
"betternether:nether_jungle",
"betternether:nether_mushroom_forest",
"betternether:nether_mushroom_forest_edge",
"betternether:nether_swampland",
"betternether:nether_swampland_terraces",
"betternether:poor_nether_grasslands",
"betternether:soul_plain",
"betternether:sulfuric_bone_reef",
"betternether:upside_down_forest",
"betternether:wart_forest","byg:weeping_mire","byg:embur_bog","byg:brimstone_caverns","byg:subzero_hypogeal","byg:warped_desert","byg:magma_wastes","byg:quartz_desert","byg:crimson_gardens","byg:glowstone_gardens","byg:sythian_torrids","byg:wailing_garth","byg:arisian_undergrowth"
  ],
  "zombieman_spawn_weight": 13,
  "zombieman_min_group": 1,
  "zombieman_max_group": 4,
  "arachnotron_biomes": [
    "minecraft:crimson_forest",
"minecraft:warped_forest",
"minecraft:nether_wastes",
"minecraft:soul_sand_valley",
"minecraft:basalt_deltas",
"betternether:bone_reef",
"betternether:crimson_pinewoo",
"betternether:gravel_desert",
"betternether:magma_land",
"betternether:nether_grasslands",
"betternether:nether_jungle",
"betternether:nether_mushroom_forest",
"betternether:nether_mushroom_forest_edge",
"betternether:nether_swampland",
"betternether:nether_swampland_terraces",
"betternether:poor_nether_grasslands",
"betternether:soul_plain",
"betternether:sulfuric_bone_reef",
"betternether:upside_down_forest",
"betternether:wart_forest","byg:weeping_mire","byg:embur_bog","byg:brimstone_caverns","byg:subzero_hypogeal","byg:warped_desert","byg:magma_wastes","byg:quartz_desert","byg:crimson_gardens","byg:glowstone_gardens","byg:sythian_torrids","byg:wailing_garth","byg:arisian_undergrowth"
  ],
  "arachnotron_spawn_weight": 13,
  "arachnotron_min_group": 1,
  "arachnotron_max_group": 3,
  "gargoyle_biomes": [
    "minecraft:crimson_forest",
"minecraft:warped_forest",
"minecraft:nether_wastes",
"minecraft:soul_sand_valley",
"minecraft:basalt_deltas",
"betternether:bone_reef",
"betternether:crimson_pinewoo",
"betternether:gravel_desert",
"betternether:magma_land",
"betternether:nether_grasslands",
"betternether:nether_jungle",
"betternether:nether_mushroom_forest",
"betternether:nether_mushroom_forest_edge",
"betternether:nether_swampland",
"betternether:nether_swampland_terraces",
"betternether:poor_nether_grasslands",
"betternether:soul_plain",
"betternether:sulfuric_bone_reef",
"betternether:upside_down_forest",
"betternether:wart_forest","byg:weeping_mire","byg:embur_bog","byg:brimstone_caverns","byg:subzero_hypogeal","byg:warped_desert","byg:magma_wastes","byg:quartz_desert","byg:crimson_gardens","byg:glowstone_gardens","byg:sythian_torrids","byg:wailing_garth","byg:arisian_undergrowth"
  ],
  "gargoyle_spawn_weight": 13,
  "gargoyle_min_group": 1,
  "gargoyle_max_group": 3,
  "chaingunner_biomes": [
    "minecraft:crimson_forest",
"minecraft:warped_forest",
"minecraft:nether_wastes",
"minecraft:soul_sand_valley",
"minecraft:basalt_deltas",
"betternether:bone_reef",
"betternether:crimson_pinewoo",
"betternether:gravel_desert",
"betternether:magma_land",
"betternether:nether_grasslands",
"betternether:nether_jungle",
"betternether:nether_mushroom_forest",
"betternether:nether_mushroom_forest_edge",
"betternether:nether_swampland",
"betternether:nether_swampland_terraces",
"betternether:poor_nether_grasslands",
"betternether:soul_plain",
"betternether:sulfuric_bone_reef",
"betternether:upside_down_forest",
"betternether:wart_forest","byg:weeping_mire","byg:embur_bog","byg:brimstone_caverns","byg:subzero_hypogeal","byg:warped_desert","byg:magma_wastes","byg:quartz_desert","byg:crimson_gardens","byg:glowstone_gardens","byg:sythian_torrids","byg:wailing_garth","byg:arisian_undergrowth"
  ],
  "chaingunner_spawn_weight": 14,
  "chaingunner_min_group": 1,
  "chaingunner_max_group": 4,
  "shotgunguy_biomes": [
    "minecraft:crimson_forest",
"minecraft:warped_forest",
"minecraft:nether_wastes",
"minecraft:soul_sand_valley",
"minecraft:basalt_deltas",
"betternether:bone_reef",
"betternether:crimson_pinewoo",
"betternether:gravel_desert",
"betternether:magma_land",
"betternether:nether_grasslands",
"betternether:nether_jungle",
"betternether:nether_mushroom_forest",
"betternether:nether_mushroom_forest_edge",
"betternether:nether_swampland",
"betternether:nether_swampland_terraces",
"betternether:poor_nether_grasslands",
"betternether:soul_plain",
"betternether:sulfuric_bone_reef",
"betternether:upside_down_forest",
"betternether:wart_forest","byg:weeping_mire","byg:embur_bog","byg:brimstone_caverns","byg:subzero_hypogeal","byg:warped_desert","byg:magma_wastes","byg:quartz_desert","byg:crimson_gardens","byg:glowstone_gardens","byg:sythian_torrids","byg:wailing_garth","byg:arisian_undergrowth"
  ],
  "shotgunguy_spawn_weight": 15,
  "shotgunguy_min_group": 1,
  "shotgunguy_max_group": 4,
  "marauder_biomes": [
    "minecraft:crimson_forest",
"minecraft:warped_forest",
"minecraft:nether_wastes",
"minecraft:soul_sand_valley",
"minecraft:basalt_deltas",
"betternether:bone_reef",
"betternether:crimson_pinewoo",
"betternether:gravel_desert",
"betternether:magma_land",
"betternether:nether_grasslands",
"betternether:nether_jungle",
"betternether:nether_mushroom_forest",
"betternether:nether_mushroom_forest_edge",
"betternether:nether_swampland",
"betternether:nether_swampland_terraces",
"betternether:poor_nether_grasslands",
"betternether:soul_plain",
"betternether:sulfuric_bone_reef",
"betternether:upside_down_forest",
"betternether:wart_forest","byg:weeping_mire","byg:embur_bog","byg:brimstone_caverns","byg:subzero_hypogeal","byg:warped_desert","byg:magma_wastes","byg:quartz_desert","byg:crimson_gardens","byg:glowstone_gardens","byg:sythian_torrids","byg:wailing_garth","byg:arisian_undergrowth"
  ],
  "marauder_spawn_weight": 2,
  "marauder_min_group": 1,
  "marauder_max_group": 1,
  "pain_biomes": [
    "minecraft:crimson_forest",
"minecraft:warped_forest",
"minecraft:nether_wastes",
"minecraft:soul_sand_valley",
"minecraft:basalt_deltas",
"betternether:bone_reef",
"betternether:crimson_pinewoo",
"betternether:gravel_desert",
"betternether:magma_land",
"betternether:nether_grasslands",
"betternether:nether_jungle",
"betternether:nether_mushroom_forest",
"betternether:nether_mushroom_forest_edge",
"betternether:nether_swampland",
"betternether:nether_swampland_terraces",
"betternether:poor_nether_grasslands",
"betternether:soul_plain",
"betternether:sulfuric_bone_reef",
"betternether:upside_down_forest",
"betternether:wart_forest","byg:weeping_mire","byg:embur_bog","byg:brimstone_caverns","byg:subzero_hypogeal","byg:warped_desert","byg:magma_wastes","byg:quartz_desert","byg:crimson_gardens","byg:glowstone_gardens","byg:sythian_torrids","byg:wailing_garth","byg:arisian_undergrowth"
  ],
  "pain_spawn_weight": 4,
  "pain_min_group": 1,
  "pain_max_group": 2,
  "hellknight_biomes": [
    "minecraft:crimson_forest",
"minecraft:warped_forest",
"minecraft:nether_wastes",
"minecraft:soul_sand_valley",
"minecraft:basalt_deltas",
"betternether:bone_reef",
"betternether:crimson_pinewoo",
"betternether:gravel_desert",
"betternether:magma_land",
"betternether:nether_grasslands",
"betternether:nether_jungle",
"betternether:nether_mushroom_forest",
"betternether:nether_mushroom_forest_edge",
"betternether:nether_swampland",
"betternether:nether_swampland_terraces",
"betternether:poor_nether_grasslands",
"betternether:soul_plain",
"betternether:sulfuric_bone_reef",
"betternether:upside_down_forest",
"betternether:wart_forest","byg:weeping_mire","byg:embur_bog","byg:brimstone_caverns","byg:subzero_hypogeal","byg:warped_desert","byg:magma_wastes","byg:quartz_desert","byg:crimson_gardens","byg:glowstone_gardens","byg:sythian_torrids","byg:wailing_garth","byg:arisian_undergrowth"
  ],
  "hellknight_spawn_weight": 4,
  "hellknight_min_group": 1,
  "hellknight_max_group": 2,
  "hellknight2016_biomes": [
    "minecraft:crimson_forest",
"minecraft:warped_forest",
"minecraft:nether_wastes",
"minecraft:soul_sand_valley",
"minecraft:basalt_deltas",
"betternether:bone_reef",
"betternether:crimson_pinewoo",
"betternether:gravel_desert",
"betternether:magma_land",
"betternether:nether_grasslands",
"betternether:nether_jungle",
"betternether:nether_mushroom_forest",
"betternether:nether_mushroom_forest_edge",
"betternether:nether_swampland",
"betternether:nether_swampland_terraces",
"betternether:poor_nether_grasslands",
"betternether:soul_plain",
"betternether:sulfuric_bone_reef",
"betternether:upside_down_forest",
"betternether:wart_forest","byg:weeping_mire","byg:embur_bog","byg:brimstone_caverns","byg:subzero_hypogeal","byg:warped_desert","byg:magma_wastes","byg:quartz_desert","byg:crimson_gardens","byg:glowstone_gardens","byg:sythian_torrids","byg:wailing_garth","byg:arisian_undergrowth"
  ],
  "hellknight2016_spawn_weight": 3,
  "hellknight2016_min_group": 1,
  "hellknight2016_max_group": 1,
  "cyberdemon_biomes": [
    "minecraft:crimson_forest",
"minecraft:warped_forest",
"minecraft:nether_wastes",
"minecraft:soul_sand_valley",
"minecraft:basalt_deltas",
"betternether:bone_reef",
"betternether:crimson_pinewoo",
"betternether:gravel_desert",
"betternether:magma_land",
"betternether:nether_grasslands",
"betternether:nether_jungle",
"betternether:nether_mushroom_forest",
"betternether:nether_mushroom_forest_edge",
"betternether:nether_swampland",
"betternether:nether_swampland_terraces",
"betternether:poor_nether_grasslands",
"betternether:soul_plain",
"betternether:sulfuric_bone_reef",
"betternether:upside_down_forest",
"betternether:wart_forest","byg:weeping_mire","byg:embur_bog","byg:brimstone_caverns","byg:subzero_hypogeal","byg:warped_desert","byg:magma_wastes","byg:quartz_desert","byg:crimson_gardens","byg:glowstone_gardens","byg:sythian_torrids","byg:wailing_garth","byg:arisian_undergrowth"
  ],
  "cyberdemon_spawn_weight": 2,
  "cyberdemon_min_group": 1,
  "cyberdemon_max_group": 1,
  "unwilling_biomes": [
    "minecraft:crimson_forest",
"minecraft:warped_forest",
"minecraft:nether_wastes",
"minecraft:soul_sand_valley",
"minecraft:basalt_deltas",
"betternether:bone_reef",
"betternether:crimson_pinewoo",
"betternether:gravel_desert",
"betternether:magma_land",
"betternether:nether_grasslands",
"betternether:nether_jungle",
"betternether:nether_mushroom_forest",
"betternether:nether_mushroom_forest_edge",
"betternether:nether_swampland",
"betternether:nether_swampland_terraces",
"betternether:poor_nether_grasslands",
"betternether:soul_plain",
"betternether:sulfuric_bone_reef",
"betternether:upside_down_forest",
"betternether:wart_forest","byg:weeping_mire","byg:embur_bog","byg:brimstone_caverns","byg:subzero_hypogeal","byg:warped_desert","byg:magma_wastes","byg:quartz_desert","byg:crimson_gardens","byg:glowstone_gardens","byg:sythian_torrids","byg:wailing_garth","byg:arisian_undergrowth"
  ],
  "unwilling_spawn_weight": 15,
  "unwilling_min_group": 1,
  "unwilling_max_group": 3,
  "possessed_scientist_biomes": [
    "minecraft:crimson_forest",
"minecraft:warped_forest",
"minecraft:nether_wastes",
"minecraft:soul_sand_valley",
"minecraft:basalt_deltas",
"betternether:bone_reef",
"betternether:crimson_pinewoo",
"betternether:gravel_desert",
"betternether:magma_land",
"betternether:nether_grasslands",
"betternether:nether_jungle",
"betternether:nether_mushroom_forest",
"betternether:nether_mushroom_forest_edge",
"betternether:nether_swampland",
"betternether:nether_swampland_terraces",
"betternether:poor_nether_grasslands",
"betternether:soul_plain",
"betternether:sulfuric_bone_reef",
"betternether:upside_down_forest",
"betternether:wart_forest","byg:weeping_mire","byg:embur_bog","byg:brimstone_caverns","byg:subzero_hypogeal","byg:warped_desert","byg:magma_wastes","byg:quartz_desert","byg:crimson_gardens","byg:glowstone_gardens","byg:sythian_torrids","byg:wailing_garth","byg:arisian_undergrowth"
  ],
  "possessed_scientist_spawn_weight": 15,
  "possessed_scientist_min_group": 1,
  "possessed_scientist_max_group": 3,
  "possessed_soldier_biomes": [
    "minecraft:crimson_forest",
"minecraft:warped_forest",
"minecraft:nether_wastes",
"minecraft:soul_sand_valley",
"minecraft:basalt_deltas",
"betternether:bone_reef",
"betternether:crimson_pinewoo",
"betternether:gravel_desert",
"betternether:magma_land",
"betternether:nether_grasslands",
"betternether:nether_jungle",
"betternether:nether_mushroom_forest",
"betternether:nether_mushroom_forest_edge",
"betternether:nether_swampland",
"betternether:nether_swampland_terraces",
"betternether:poor_nether_grasslands",
"betternether:soul_plain",
"betternether:sulfuric_bone_reef",
"betternether:upside_down_forest",
"betternether:wart_forest","byg:weeping_mire","byg:embur_bog","byg:brimstone_caverns","byg:subzero_hypogeal","byg:warped_desert","byg:magma_wastes","byg:quartz_desert","byg:crimson_gardens","byg:glowstone_gardens","byg:sythian_torrids","byg:wailing_garth","byg:arisian_undergrowth"
  ],
  "possessed_soldier_spawn_weight": 13,
  "possessed_soldier_min_group": 1,
  "possessed_soldier_max_group": 3,
  "mechazombie_biomes": [
    "minecraft:crimson_forest",
"minecraft:warped_forest",
"minecraft:nether_wastes",
"minecraft:soul_sand_valley",
"minecraft:basalt_deltas",
"betternether:bone_reef",
"betternether:crimson_pinewoo",
"betternether:gravel_desert",
"betternether:magma_land",
"betternether:nether_grasslands",
"betternether:nether_jungle",
"betternether:nether_mushroom_forest",
"betternether:nether_mushroom_forest_edge",
"betternether:nether_swampland",
"betternether:nether_swampland_terraces",
"betternether:poor_nether_grasslands",
"betternether:soul_plain",
"betternether:sulfuric_bone_reef",
"betternether:upside_down_forest",
"betternether:wart_forest","byg:weeping_mire","byg:embur_bog","byg:brimstone_caverns","byg:subzero_hypogeal","byg:warped_desert","byg:magma_wastes","byg:quartz_desert","byg:crimson_gardens","byg:glowstone_gardens","byg:sythian_torrids","byg:wailing_garth","byg:arisian_undergrowth"
  ],
  "mechazombie_spawn_weight": 12,
  "mechazombie_min_group": 1,
  "mechazombie_max_group": 3,
  "cueball_biomes": [
    "minecraft:crimson_forest",
"minecraft:warped_forest",
"minecraft:nether_wastes",
"minecraft:soul_sand_valley",
"minecraft:basalt_deltas",
"betternether:bone_reef",
"betternether:crimson_pinewoo",
"betternether:gravel_desert",
"betternether:magma_land",
"betternether:nether_grasslands",
"betternether:nether_jungle",
"betternether:nether_mushroom_forest",
"betternether:nether_mushroom_forest_edge",
"betternether:nether_swampland",
"betternether:nether_swampland_terraces",
"betternether:poor_nether_grasslands",
"betternether:soul_plain",
"betternether:sulfuric_bone_reef",
"betternether:upside_down_forest",
"betternether:wart_forest","byg:weeping_mire","byg:embur_bog","byg:brimstone_caverns","byg:subzero_hypogeal","byg:warped_desert","byg:magma_wastes","byg:quartz_desert","byg:crimson_gardens","byg:glowstone_gardens","byg:sythian_torrids","byg:wailing_garth","byg:arisian_undergrowth"
  ],
  "cueball_spawn_weight": 15,
  "cueball_min_group": 1,
  "cueball_max_group": 2,
  "prowler_biomes": [
    "minecraft:crimson_forest",
"minecraft:warped_forest",
"minecraft:nether_wastes",
"minecraft:soul_sand_valley",
"minecraft:basalt_deltas",
"betternether:bone_reef",
"betternether:crimson_pinewoo",
"betternether:gravel_desert",
"betternether:magma_land",
"betternether:nether_grasslands",
"betternether:nether_jungle",
"betternether:nether_mushroom_forest",
"betternether:nether_mushroom_forest_edge",
"betternether:nether_swampland",
"betternether:nether_swampland_terraces",
"betternether:poor_nether_grasslands",
"betternether:soul_plain",
"betternether:sulfuric_bone_reef",
"betternether:upside_down_forest",
"betternether:wart_forest","byg:weeping_mire","byg:embur_bog","byg:brimstone_caverns","byg:subzero_hypogeal","byg:warped_desert","byg:magma_wastes","byg:quartz_desert","byg:crimson_gardens","byg:glowstone_gardens","byg:sythian_torrids","byg:wailing_garth","byg:arisian_undergrowth"
  ],
  "prowler_spawn_weight": 15,
  "prowler_min_group": 1,
  "prowler_max_group": 3,
  "impstone_biomes": [
    "minecraft:crimson_forest",
"minecraft:warped_forest",
"minecraft:nether_wastes",
"minecraft:soul_sand_valley",
"minecraft:basalt_deltas",
"betternether:bone_reef",
"betternether:crimson_pinewoo",
"betternether:gravel_desert",
"betternether:magma_land",
"betternether:nether_grasslands",
"betternether:nether_jungle",
"betternether:nether_mushroom_forest",
"betternether:nether_mushroom_forest_edge",
"betternether:nether_swampland",
"betternether:nether_swampland_terraces",
"betternether:poor_nether_grasslands",
"betternether:soul_plain",
"betternether:sulfuric_bone_reef",
"betternether:upside_down_forest",
"betternether:wart_forest","byg:weeping_mire","byg:embur_bog","byg:brimstone_caverns","byg:subzero_hypogeal","byg:warped_desert","byg:magma_wastes","byg:quartz_desert","byg:crimson_gardens","byg:glowstone_gardens","byg:sythian_torrids","byg:wailing_garth","byg:arisian_undergrowth"
  ],
  "impstone_spawn_weight": 15,
  "impstone_min_group": 1,
  "impstone_max_group": 2,
  "gorenest_biomes": [
    "minecraft:crimson_forest",
"minecraft:warped_forest",
"minecraft:nether_wastes",
"minecraft:soul_sand_valley",
"minecraft:basalt_deltas",
"betternether:bone_reef",
"betternether:crimson_pinewoo",
"betternether:gravel_desert",
"betternether:magma_land",
"betternether:nether_grasslands",
"betternether:nether_jungle",
"betternether:nether_mushroom_forest",
"betternether:nether_mushroom_forest_edge",
"betternether:nether_swampland",
"betternether:nether_swampland_terraces",
"betternether:poor_nether_grasslands",
"betternether:soul_plain",
"betternether:sulfuric_bone_reef",
"betternether:upside_down_forest",
"betternether:wart_forest","byg:weeping_mire","byg:embur_bog","byg:brimstone_caverns","byg:subzero_hypogeal","byg:warped_desert","byg:magma_wastes","byg:quartz_desert","byg:crimson_gardens","byg:glowstone_gardens","byg:sythian_torrids","byg:wailing_garth","byg:arisian_undergrowth"
  ],
  "gorenest_spawn_weight": 5,
  "gorenest_min_group": 1,
  "gorenest_max_group": 1,
  "tentacle_biomes": [
    "minecraft:crimson_forest",
"minecraft:warped_forest",
"minecraft:nether_wastes",
"minecraft:soul_sand_valley",
"minecraft:basalt_deltas",
"betternether:bone_reef",
"betternether:crimson_pinewoo",
"betternether:gravel_desert",
"betternether:magma_land",
"betternether:nether_grasslands",
"betternether:nether_jungle",
"betternether:nether_mushroom_forest",
"betternether:nether_mushroom_forest_edge",
"betternether:nether_swampland",
"betternether:nether_swampland_terraces",
"betternether:poor_nether_grasslands",
"betternether:soul_plain",
"betternether:sulfuric_bone_reef",
"betternether:upside_down_forest",
"betternether:wart_forest","byg:weeping_mire","byg:embur_bog","byg:brimstone_caverns","byg:subzero_hypogeal","byg:warped_desert","byg:magma_wastes","byg:quartz_desert","byg:crimson_gardens","byg:glowstone_gardens","byg:sythian_torrids","byg:wailing_garth","byg:arisian_undergrowth"
  ],
  "tentacle_spawn_weight": 6,
  "tentacle_min_group": 1,
  "tentacle_max_group": 2,
"turret_biomes": [
  "minecraft:crimson_forest",
"minecraft:warped_forest",
"minecraft:nether_wastes",
"minecraft:soul_sand_valley",
"minecraft:basalt_deltas",
"betternether:bone_reef",
"betternether:crimson_pinewoo",
"betternether:gravel_desert",
"betternether:magma_land",
"betternether:nether_grasslands",
"betternether:nether_jungle",
"betternether:nether_mushroom_forest",
"betternether:nether_mushroom_forest_edge",
"betternether:nether_swampland",
"betternether:nether_swampland_terraces",
"betternether:poor_nether_grasslands",
"betternether:soul_plain",
"betternether:sulfuric_bone_reef",
"betternether:upside_down_forest",
"betternether:wart_forest","byg:weeping_mire","byg:embur_bog","byg:brimstone_caverns","byg:subzero_hypogeal","byg:warped_desert","byg:magma_wastes","byg:quartz_desert","byg:crimson_gardens","byg:glowstone_gardens","byg:sythian_torrids","byg:wailing_garth","byg:arisian_undergrowth"
],
"turret_spawn_weight": 4,
"turret_min_group": 1,
"turret_max_group": 4,
  "spider_mastermind_biomes": [
    "minecraft:crimson_forest",
"minecraft:warped_forest",
"minecraft:nether_wastes",
"minecraft:soul_sand_valley",
"minecraft:basalt_deltas",
"betternether:bone_reef",
"betternether:crimson_pinewoo",
"betternether:gravel_desert",
"betternether:magma_land",
"betternether:nether_grasslands",
"betternether:nether_jungle",
"betternether:nether_mushroom_forest",
"betternether:nether_mushroom_forest_edge",
"betternether:nether_swampland",
"betternether:nether_swampland_terraces",
"betternether:poor_nether_grasslands",
"betternether:soul_plain",
"betternether:sulfuric_bone_reef",
"betternether:upside_down_forest",
"betternether:wart_forest","byg:weeping_mire","byg:embur_bog","byg:brimstone_caverns","byg:subzero_hypogeal","byg:warped_desert","byg:magma_wastes","byg:quartz_desert","byg:crimson_gardens","byg:glowstone_gardens","byg:sythian_torrids","byg:wailing_garth","byg:arisian_undergrowth"
  ],
  "spider_mastermind_spawn_weight": 5,
  "spider_mastermind_min_group": 1,
  "spider_mastermind_max_group": 1,
  "whiplash_biomes": [
    "minecraft:crimson_forest",
"minecraft:warped_forest",
"minecraft:nether_wastes",
"minecraft:soul_sand_valley",
"minecraft:basalt_deltas",
"betternether:bone_reef",
"betternether:crimson_pinewoo",
"betternether:gravel_desert",
"betternether:magma_land",
"betternether:nether_grasslands",
"betternether:nether_jungle",
"betternether:nether_mushroom_forest",
"betternether:nether_mushroom_forest_edge",
"betternether:nether_swampland",
"betternether:nether_swampland_terraces",
"betternether:poor_nether_grasslands",
"betternether:soul_plain",
"betternether:sulfuric_bone_reef",
"betternether:upside_down_forest",
"betternether:wart_forest","byg:weeping_mire","byg:embur_bog","byg:brimstone_caverns","byg:subzero_hypogeal","byg:warped_desert","byg:magma_wastes","byg:quartz_desert","byg:crimson_gardens","byg:glowstone_gardens","byg:sythian_torrids","byg:wailing_garth","byg:arisian_undergrowth"
  ],
  "whiplash_spawn_weight": 4,
  "whiplash_min_group": 1,
  "whiplash_max_group": 1,
  "doomhunter_biomes": [
    "minecraft:crimson_forest",
"minecraft:warped_forest",
"minecraft:nether_wastes",
"minecraft:soul_sand_valley",
"minecraft:basalt_deltas",
"betternether:bone_reef",
"betternether:crimson_pinewoo",
"betternether:gravel_desert",
"betternether:magma_land",
"betternether:nether_grasslands",
"betternether:nether_jungle",
"betternether:nether_mushroom_forest",
"betternether:nether_mushroom_forest_edge",
"betternether:nether_swampland",
"betternether:nether_swampland_terraces",
"betternether:poor_nether_grasslands",
"betternether:soul_plain",
"betternether:sulfuric_bone_reef",
"betternether:upside_down_forest",
"betternether:wart_forest","byg:weeping_mire","byg:embur_bog","byg:brimstone_caverns","byg:subzero_hypogeal","byg:warped_desert","byg:magma_wastes","byg:quartz_desert","byg:crimson_gardens","byg:glowstone_gardens","byg:sythian_torrids","byg:wailing_garth","byg:arisian_undergrowth"
  ],
  "doomhunter_spawn_weight": 3,
  "doomhunter_min_group": 1,
  "doomhunter_max_group": 1,
  "possessed_worker_biomes": [
    "minecraft:crimson_forest",
"minecraft:warped_forest",
"minecraft:nether_wastes",
"minecraft:soul_sand_valley",
"minecraft:basalt_deltas",
"betternether:bone_reef",
"betternether:crimson_pinewoo",
"betternether:gravel_desert",
"betternether:magma_land",
"betternether:nether_grasslands",
"betternether:nether_jungle",
"betternether:nether_mushroom_forest",
"betternether:nether_mushroom_forest_edge",
"betternether:nether_swampland",
"betternether:nether_swampland_terraces",
"betternether:poor_nether_grasslands",
"betternether:soul_plain",
"betternether:sulfuric_bone_reef",
"betternether:upside_down_forest",
"betternether:wart_forest","byg:weeping_mire","byg:embur_bog","byg:brimstone_caverns","byg:subzero_hypogeal","byg:warped_desert","byg:magma_wastes","byg:quartz_desert","byg:crimson_gardens","byg:glowstone_gardens","byg:sythian_torrids","byg:wailing_garth","byg:arisian_undergrowth"
  ],
  "possessed_worker_spawn_weight": 15,
  "possessed_worker_min_group": 1,
  "possessed_worker_max_group": 3,
  "armoredbaron_biomes": [
    "minecraft:crimson_forest",
"minecraft:warped_forest",
"minecraft:nether_wastes",
"minecraft:soul_sand_valley",
"minecraft:basalt_deltas",
"betternether:bone_reef",
"betternether:crimson_pinewoo",
"betternether:gravel_desert",
"betternether:magma_land",
"betternether:nether_grasslands",
"betternether:nether_jungle",
"betternether:nether_mushroom_forest",
"betternether:nether_mushroom_forest_edge",
"betternether:nether_swampland",
"betternether:nether_swampland_terraces",
"betternether:poor_nether_grasslands",
"betternether:soul_plain",
"betternether:sulfuric_bone_reef",
"betternether:upside_down_forest",
"betternether:wart_forest","byg:weeping_mire","byg:embur_bog","byg:brimstone_caverns","byg:subzero_hypogeal","byg:warped_desert","byg:magma_wastes","byg:quartz_desert","byg:crimson_gardens","byg:glowstone_gardens","byg:sythian_torrids","byg:wailing_garth","byg:arisian_undergrowth"
  ],
  "armoredbaron_spawn_weight": 3,
  "armoredbaron_min_group": 1,
  "armoredbaron_max_group": 1,
  "summoner_biomes": [
    "minecraft:crimson_forest",
"minecraft:warped_forest",
"minecraft:nether_wastes",
"minecraft:soul_sand_valley",
"minecraft:basalt_deltas",
"betternether:bone_reef",
"betternether:crimson_pinewoo",
"betternether:gravel_desert",
"betternether:magma_land",
"betternether:nether_grasslands",
"betternether:nether_jungle",
"betternether:nether_mushroom_forest",
"betternether:nether_mushroom_forest_edge",
"betternether:nether_swampland",
"betternether:nether_swampland_terraces",
"betternether:poor_nether_grasslands",
"betternether:soul_plain",
"betternether:sulfuric_bone_reef",
"betternether:upside_down_forest",
"betternether:wart_forest","byg:weeping_mire","byg:embur_bog","byg:brimstone_caverns","byg:subzero_hypogeal","byg:warped_desert","byg:magma_wastes","byg:quartz_desert","byg:crimson_gardens","byg:glowstone_gardens","byg:sythian_torrids","byg:wailing_garth","byg:arisian_undergrowth"
  ],
  "summoner_spawn_weight": 4,
  "summoner_min_group": 1,
  "summoner_max_group": 2,
  "motherdemon_biomes": [
    ""
  ],
  "motherdemon_spawn_weight": 1,
  "motherdemon_min_group": 1,
  "motherdemon_max_group": 1,
  "maykrdrone_biomes": [
    "minecraft:small_end_islands",
    "minecraft:end_midlands",
    "minecraft:end_barrens",
    "minecraft:end_highlands",
    "betterend:crystal_mountains",
    "betterend:dry_shrubland",
    "betterend:dust_wasteland",
    "betterend:foggy_mushroomland",
    "betterend:glowing_grassland",
    "betterend:jade_cave",
    "betterend:lantern_woods",
    "etterend:megalake_grove",
    "betterend:shadow_forest",
    "betterend:umbra_valley",
    "betterend:umbrella_jungle","byg:ivis_fields","byg:shulkren_forest","byg:imparius_grove"
  ],
  "maykrdrone_spawn_weight": 9,
  "maykrdrone_min_group": 1,
  "maykrdrone_max_group": 2,
  "bloodmaykr_biomes": [
    "minecraft:small_end_islands",
    "minecraft:end_midlands",
    "minecraft:end_barrens",
    "minecraft:end_highlands",
    "betterend:crystal_mountains",
    "betterend:dry_shrubland",
    "betterend:dust_wasteland",
    "betterend:foggy_mushroomland",
    "betterend:glowing_grassland",
    "betterend:jade_cave",
    "betterend:lantern_woods",
    "etterend:megalake_grove",
    "betterend:shadow_forest",
    "betterend:umbra_valley",
    "betterend:umbrella_jungle","byg:ivis_fields","byg:shulkren_forest","byg:imparius_grove"
  ],
  "bloodmaykr_spawn_weight": 5,
  "bloodmaykr_min_group": 1,
  "bloodmaykr_max_group": 1,
  "archmaykr_biomes": [
    ""
  ],
  "archmaykr_spawn_weight": 1,
  "archmaykr_min_group": 1,
  "archmaykr_max_group": 1,
  "gladiator_biomes": [
    ""
  ],
  "gladiator_spawn_weight": 1,
  "gladiator_min_group": 1,
  "gladiator_max_group": 1,
  "motherdemon_health": 410.0,
  "motherdemon_ranged_damage": 45.0,
  "motherdemon_phaseone_damage_boos": 10.0,
  "cueball_health": 6.0,
  "tentacle_health": 70.0,
  "tentacle_melee_damage": 13.0,
  "turret_health": 6.0,
  "turret_ranged_damage": 7.1,
  "icon_health": 420.0,
  "icon_melee_damage": 47.9,
  "icon_phaseone_damage_boos": 8.8,
  "icon_wave_entries": [
    "doom:gladiator",
    "doom:mancubus",
    "doom:mancubus",
    "doom:marauder",
    "doom:marauder",
    "doom:firebronebaron",
    "doom:baron2016",
    "doom:baron2016",
    "doom:baron2016",
    "doom:baron2016",
    "doom:whiplash",
    "doom:whiplash",
    "doom:whiplash",
    "doom:whiplash",
    "doom:whiplash",
    "doom:gargoyle",
    "doom:gargoyle",
    "doom:gargoyle",
    "doom:gargoyle",
    "doom:gargoyle",
    "doom:gargoyle",
    "doom:gargoyle",
    "doom:gargoyle",
    "doom:gargoyle",
    "doom:gargoyle",
    "doom:cacodemon",
    "doom:cacodemon",
    "doom:cacodemon",
    "doom:cacodemon",
    "doom:cacodemon",
    "doom:cacodemon",
    "doom:cacodemon",
    "doom:cacodemon",
    "doom:cacodemon",
    "doom:cacodemon",
    "doom:painelemental",
    "doom:painelemental",
    "doom:painelemental",
    "doom:painelemental",
    "doom:painelemental",
    "doom:painelemental",
    "doom:painelemental",
    "doom:painelemental",
    "doom:painelemental",
    "doom:painelemental",
    "doom:imp",
    "doom:imp",
    "doom:imp",
    "doom:imp",
    "doom:imp",
    "doom:imp",
    "doom:imp",
    "doom:imp",
    "doom:imp",
    "doom:imp",
    "doom:prowler",
    "doom:prowler",
    "doom:prowler",
    "doom:prowler",
    "doom:prowler",
    "doom:prowler",
    "doom:prowler",
    "doom:prowler",
    "doom:prowler",
    "doom:prowler",
    "doom:imp",
    "doom:imp",
    "doom:imp",
    "doom:imp",
    "doom:imp",
    "doom:imp",
    "doom:imp",
    "doom:imp",
    "doom:imp",
    "doom:imp",
    "doom:imp",
    "doom:pinky",
    "doom:pinky",
    "doom:pinky",
    "doom:pinky",
    "doom:pinky",
    "doom:pinky",
    "doom:pinky",
    "doom:pinky",
    "doom:pinky",
    "doom:pinky",
    "doom:lost_soul",
    "doom:lost_soul",
    "doom:lost_soul",
    "doom:lost_soul",
    "doom:lost_soul",
    "doom:lost_soul",
    "doom:lost_soul",
    "doom:lost_soul",
    "doom:lost_soul",
    "doom:lost_soul"
  ],
  "imp_health": 20.0,
  "imp_ranged_damage": 6.4,
  "pinky_health": 60.0,
  "pinky_melee_damage": 11.6,
  "spectre_health": 75.0,
  "spectre_melee_damage": 11.6,
  "lost_soul_health": 10.0,
  "lost_soul_melee_damage": 8.0,
  "cacodemon_health": 90.0,
  "cacodemon_ranged_damage": 13.2,
  "archvile_health": 80.0,
  "archvile_ranged_damage": 10.3,
  "summoner_health": 140.0,
  "summoner_ranged_damage": 15.0,
  "prowler_health": 16.0,
  "prowler_ranged_damage": 6.9,
  "prowler_melee_damage": 6.2,
  "maykrdrone_health": 50.0,
  "maykrdrone_ranged_damage": 10.0,
  "bloodmaykr_health": 110.0,
  "bloodmaykr_ranged_damage": 14.33,
  "archmaykr_health": 1000.0,
  "archmaykr_ranged_damage": 38.6,
  "archmaykr_phaseone_damage_boost": 4.4,
  "archmaykr_phasetwo_damage_boost": 5.0,
  "archmaykr_phasethree_damage_boost": 6.0,
  "archmaykr_phasefour_damage_boost": 10.0,
  "baron_health": 310.0,
  "baron_ranged_damage": 24.2,
  "baron_melee_damage": 25.0,
  "gladiator_health": 400.0,
  "gladiator_ranged_damage": 39.0,
  "gladiator_phaseone_damage_boost": 8.0,
  "gladiator_melee_damage": 35.0,
  "mancubus_health": 160.0,
  "mancubus_melee_damage": 18.5,
  "mancubus_ranged_damage": 14.0,
  "revenant_health": 60.0,
  "revenant_ranged_damage": 12.1,
  "spider_mastermind_health": 180.0,
  "spider_mastermind_ranged_damage": 15.3,
  "spider_mastermind_melee_damage": 18.7,
  "zombieman_health": 14.0,
  "arachnotron_health": 50.0,
  "arachnotron_ranged_damage": 8.2,
  "impstone_health": 26.0,
  "impstone_melee_damage": 6.8,
  "gargoyle_health": 30.0,
  "gargoyle_ranged_damage": 6.7,
  "gargoyle_melee_damage": 7.9,
  "chaingunner_health": 14.0,
  "shotgunguy_health": 16.0,
  "marauder_health": 950.0,
  "marauder_axe_damage": 30.0,
  "marauder_ssgdamage": 34.5,
  "pain_health": 130.0,
  "hellknight_health": 150.0,
  "hellknight_ranged_damage": 14.0,
  "hellknight_melee_damage": 16.0,
  "hellknight2016_health": 150.0,
  "hellknight2016_melee_damage": 16.0,
  "cyberdemon_health": 240.0,
  "cyberdemon_ranged_damage": 19.0,
  "cyberdemon_melee_damage": 22.0,
  "doomhunter_health": 200.0,
  "doomhunter_ranged_damage": 16.5,
  "doomhunter_melee_damage": 21.5,
  "doomhunter_extra_phase_two_damage": 6.0,
  "whiplash_health": 200.0,
  "whiplash_melee_damage": 19.0,
  "armoredbaron_health": 330.0,
  "armoredbaron_melee_damage": 20.3,
  "unwilling_health": 22.0,
  "unwilling_melee_damage": 7.3,
  "possessed_scientist_health": 16.0,
  "possessed_scientist_melee_damage": 7.8,
  "possessed_soldier_health": 16.0,
  "possessed_soldier_ranged_damage": 6.7,
  "mechazombie_health": 20.0,
  "mechazombie_ranged_damage": 7.0,
  "gorenest_health": 150.0
}