{
  "general": {
    "useSteveModel": false,
    "GuardsRunFromPolarBears": true,
    "GuardFormation": true,
    "ClericHealing": true,
    "armorerRepairGuardArmor": true,
    "GuardsOpenDoors": true,
    "AttackAllMobs": true,
    "guardAttackMobBlacklist": [],
    "giveGuardStuffHOTV": true,
    "setGuardPatrolHotv": true,
    "GuardAlwaysShield": true,
    "FriendlyFire": false,
    "guardArrowsHurtVillagers": false,
    "RaidAnimals": false,
    "WitchesVillager": true,
    "BlackSmithHealing": true,
    "GuardVillagerHelpRange": 40.0,
    "ConvertVillagerIfHaveHOTV": false,
    "amountOfHealthRegenerated": 2
  },
  "permission": {
    "AmountOfConversions": 5
  }
}