{
  "globalSettings": {
    "configVersion": 10,
    "printBiomes": false,
    "globalDebug": false,
    "enable3rdPersonFlying": false,
    "enableFlyingGravity": true,
    "mobCap": 10,
    "mobCapRange": 200,
    "disableUiOverlay": false
  },
  "biomeGroups": {
    "deserts": [
      "mesa",
      "savanna",
      "desert",
      "byg:allium_fields",
      "byg:amaranth_fields",
      "byg:autumnal_valley",
      "byg:coconino_meadow",
      "byg:firecracker_shrubland",
      "byg:mojave_desert",
      "byg:orchard",
      "byg:prairie",
      "byg:red_rock_valley",
      "byg:rose_fields",
      "byg:sierra_badlands",
      "byg:temperate_grove",
      "byg:windswept_dunes",
      "terralith:ancient_sands",
      "terralith:cold_shrubland",
      "terralith:desert_canyon",
      "terralith:desert_oasis",
      "terralith:desert_spires",
      "terralith:highlands",
      "terralith:hot_shrubland",
      "terralith:red_oasis",
      "terralith:rocky_shrubland",
      "terralith:sandstone_valley",
      "terralith:shield_clearing",
      "terralith:steppe"
    ],
    "jungles": [
      "jungles",
      "terralith:jungle_mountains",
      "terralith:tropical_jungle",
      "byg:tropical_rainforest",
      "byg:ebony_woods",
      "byg:forgotten_forest",
      "byg:aspen_forest",
      "byg:autumnal_forest"
    ],
    "temperate": [
      "plains",
      "forest",
      "mushroom",
      "byg:tropical_rainforest",
      "byg:ebony_woods",
      "byg:forgotten_forest",
      "byg:aspen_forest",
      "byg:autumnal_forest",
      "terralith:red_oasis",
      "terralith:cloud_forest",
      "byg:cherry_blossom_forest",
      "terralith:lavender_valley",
      "minecraft:flower_forest",
      "byg:black_forest",
      "terralith:amethyst_rainforest"
    ],
    "shores": [
      "beach",
      "minecraft:stony_shore",
      "byg:windswept_beach",
      "byg:cypress_swamplands",
      "byg:bayou",
      "terralith:orchid_swamp",
      "terralith:ice_marsh",
      "terralith:granite_cliffs"
    ],
    "swamps": [
      "swamp",
      "byg:cypress_swamplands",
      "terralith:orchid_swamp",
      "byg:bayou"
    ],
    "cold": [
      "mountain",
      "taiga",
      "extreme_hills"
    ],
    "snowy": [
      "mountain",
      "icy",
      "terralith:snowy_maple_forest",
      "terralith:blooming_plateau",
      "terralith:emerald_peaks",
      "terralith:haze_mountain",
      "terralith:painted_mountains",
      "terralith:rocky_mountains",
      "terralith:savanna_slopes",
      "terralith:scarlet_mountains",
      "terralith:stony_spires",
      "terralith:volcanic_crater",
      "terralith:windswept_spires",
      "byg:canadian_shield",
      "byg:dacite_ridges",
      "byg:howling_peaks",
      "byg:skyris_vale",
      "terralith:volcanic_peaks"
    ],
    "mountains": [
      "mountain",
      "extreme_hills",
      "terralith:blooming_plateau",
      "terralith:emerald_peaks",
      "terralith:haze_mountain",
      "terralith:painted_mountains",
      "terralith:rocky_mountains",
      "terralith:savanna_slopes",
      "terralith:scarlet_mountains",
      "terralith:stony_spires",
      "terralith:volcanic_crater",
      "terralith:windswept_spires",
      "byg:canadian_shield",
      "byg:dacite_ridges",
      "byg:howling_peaks",
      "byg:skyris_vale",
      "terralith:volcanic_peaks"
    ],
    "forests": [
      "forest",
      "mushroom",
      "taiga",
      "byg:tropical_rainforest",
      "byg:ebony_woods",
      "byg:forgotten_forest",
      "byg:aspen_forest",
      "byg:autumnal_forest",
      "terralith:red_oasis",
      "terralith:cloud_forest",
      "byg:cherry_blossom_forest",
      "terralith:lavender_valley",
      "minecraft:flower_forest",
      "byg:black_forest",
      "terralith:amethyst_rainforest",
      "byg:maple_taiga",
      "byg:frosted_taiga",
      "terralith:siberian_taiga",
      "terralith:birch_taiga",
      "byg:autumnal_taiga"
    ],
    "warmForests": [
      "forest",
      "mushroom",
      "byg:tropical_rainforest",
      "byg:forgotten_forest",
      "terralith:amethyst_rainforest",
      null
    ],
    "oldForests": [
      "minecraft:old_growth_spruce_taiga",
      "minecraft:old_growth_pine_taiga;",
      "Giant Tree Taiga Hills",
      "Giant Spruce Taiga Hills",
      "Giant Tree Taiga",
      "Giant Spruce Taiga"
    ],
    "snowyForests": [
      "minecraft:grove",
      "minecraft:snowy_taiga",
      "byg:frosted_taiga",
      "terralith:sakura_grove",
      "byg:borealis_grove",
      "terralith:sakura_grove",
      "terralith:alpine_grove"
    ]
  },
  "itemGroups": {
    "flowerItems": [
      "sugar",
      "dandelion",
      "poppy",
      "blue_orchid",
      "allium",
      "azure_bluet",
      "red_tulip",
      "orange_tulip",
      "white_tulip",
      "pink_tulip",
      "oxeye_daisy",
      "cornflower",
      "lily_of_the_valley",
      "lilac",
      "rose_bush",
      "peony",
      "flowering_azalea_leaves"
    ],
    "grassItems": [
      "hay",
      "grass",
      "fern",
      "tall_grass",
      "large_fern",
      "bamboo"
    ],
    "leafItems": [
      "oak_leaves",
      "spruce_leaves",
      "birch_leaves",
      "jungle_leaves",
      "acacia_leaves",
      "dark_oak_leaves",
      "azalea_leaves",
      "flowering_azalea_leaves",
      "lily_pad",
      "small_dripleaf",
      "big_dripleaf"
    ],
    "mushroomItems": [
      "brown_mushroom",
      "red_mushroom",
      "crimson_fungus",
      "warped_fungus"
    ],
    "rootItems": [
      "cave_vines",
      "vines",
      "hanging_roots",
      "glow_lichen",
      "crimson_roots",
      "warped_roots",
      "nether_wart",
      "cactus"
    ],
    "seedItems": [
      "wheat_seeds",
      "melon_seeds",
      "pumpkin_seeds",
      "beetroot_seeds",
      "sweet_berries"
    ],
    "vegetableItems": [
      "potato",
      "carrot",
      "beetroot"
    ],
    "fruitItems": [
      "sweet_berries",
      "melon_slice",
      "apple",
      "glow_berries"
    ],
    "seaweedItems": [
      "seagrass",
      "kelp",
      "tall_seagrass"
    ],
    "fishItems": [
      "salmon",
      "cod",
      "tropical_fish",
      "pufferfish"
    ],
    "meatItems": [
      "rabbit",
      "chicken",
      "mutton",
      "beef",
      "porkchop",
      "egg"
    ],
    "scavengerItems": [
      "egg",
      "rotten_flesh",
      "spider_eye"
    ]
  },
  "itemGroupCategories": {
    "nectar": [
      "flowerItems",
      "fruitItems"
    ],
    "leafyHerbivore": [
      "grassItems",
      "leafItems",
      "flowerItems"
    ],
    "heartyHerbivore": [
      "vegetableItems",
      "fruitItems",
      "mushroomItems"
    ],
    "herbivore": [
      "grassItems",
      "leafItems",
      "flowerItems",
      "vegetableItems",
      "fruitItems",
      "mushroomItems"
    ],
    "omnivore": [
      "vegetableItems",
      "fruitItems",
      "mushroomItems",
      "meatItems",
      "scavengerItems"
    ],
    "carnivore": [
      "meatItems",
      "fishItems"
    ],
    "scavenger": [
      "scavengerItems",
      "vegetableItems",
      "fruitItems",
      "mushroomItems"
    ],
    "piscivore": [
      "seaweedItems",
      "fishItems"
    ],
    "oceanScavenger": [
      "seaweedItems",
      "scavengerItems",
      "fishItems",
      "vegetableItems"
    ]
  },
  "spawnCategories": {
    "CourierBirdSpawnSettings": {
      "shouldSpawn": true,
      "spawnDebug": false,
      "spawnWeight": 7,
      "spawnRandomChance": 80,
      "chunkFreq": 0,
      "chunkOffset": 0,
      "spawnType": "overworld",
      "minSpawnGroupSize": 1,
      "maxSpawnGroupSize": 2
    },
    "DireWolfSpawnSettings": {
      "shouldSpawn": true,
      "spawnDebug": false,
      "spawnWeight": 8,
      "spawnRandomChance": 100,
      "chunkFreq": 0,
      "chunkOffset": 0,
      "spawnType": "overworld",
      "minSpawnGroupSize": 2,
      "maxSpawnGroupSize": 3
    },
    "DragonSpawnSettings": {
      "shouldSpawn": true,
      "spawnDebug": false,
      "spawnWeight": 2,
      "spawnRandomChance": 35,
      "chunkFreq": 5,
      "chunkOffset": 0,
      "spawnType": "subterranean",
      "minSpawnGroupSize": 1,
      "maxSpawnGroupSize": 1,
      "maxIn256Region": 1
    },
    "GriffonSpawnSettings": {
      "shouldSpawn": true,
      "spawnDebug": false,
      "spawnWeight": 5,
      "spawnYCeiling": 50000,
      "spawnYFloor": 100,
      "spawnRandomChance": 60,
      "chunkFreq": 0,
      "chunkOffset": 0,
      "spawnType": "overworld",
      "minSpawnGroupSize": 1,
      "maxSpawnGroupSize": 1
    },
    "GeckotoaSpawnSettings": {
      "shouldSpawn": true,
      "spawnDebug": false,
      "spawnWeight": 8,
      "spawnYCeiling": 50000,
      "spawnYFloor": 60,
      "spawnRandomChance": 75,
      "chunkFreq": 5,
      "chunkOffset": 0,
      "spawnType": "subterranean",
      "minSpawnGroupSize": 1,
      "maxSpawnGroupSize": 1,
      "maxIn256Region": 1
    },
    "MothSpawnSettings": {
      "shouldSpawn": true,
      "spawnDebug": false,
      "spawnWeight": 12,
      "spawnRandomChance": 80,
      "chunkFreq": 0,
      "chunkOffset": 0,
      "spawnType": "overworld",
      "minSpawnGroupSize": 1,
      "maxSpawnGroupSize": 1
    },
    "NetherBatSpawnSettings": {
      "shouldSpawn": true,
      "spawnDebug": false,
      "spawnWeight": 12,
      "spawnRandomChance": 95,
      "chunkFreq": 5,
      "chunkOffset": 0,
      "spawnType": "nether",
      "minSpawnGroupSize": 1,
      "maxSpawnGroupSize": 1,
      "maxIn256Region": 4
    },
    "NudibranchSpawnSettings": {
      "shouldSpawn": true,
      "spawnDebug": false,
      "spawnWeight": 7,
      "spawnRandomChance": 50,
      "chunkFreq": 0,
      "chunkOffset": 0,
      "spawnType": "water",
      "minSpawnGroupSize": 1,
      "maxSpawnGroupSize": 2
    },
    "RidingLizardSpawnSettings": {
      "shouldSpawn": true,
      "spawnDebug": false,
      "spawnWeight": 1,
      "spawnRandomChance": 50,
      "chunkFreq": 5,
      "chunkOffset": 0,
      "spawnType": "overworld",
      "minSpawnGroupSize": 2,
      "maxSpawnGroupSize": 3
    },
    "NightmareSpawnSettings": {
      "shouldSpawn": true,
      "spawnDebug": false,
      "spawnWeight": 10,
      "spawnRandomChance": 25,
      "chunkFreq": 5,
      "chunkOffset": 0,
      "spawnType": "nether",
      "minSpawnGroupSize": 1,
      "maxSpawnGroupSize": 2,
      "maxIn256Region": 3
    },
    "AcenciaSpawnSettings": {
      "shouldSpawn": true,
      "spawnDebug": false,
      "spawnWeight": 5,
      "spawnRandomChance": 50,
      "chunkFreq": 0,
      "chunkOffset": 0,
      "spawnType": "overworld",
      "minSpawnGroupSize": 1,
      "maxSpawnGroupSize": 2
    },
    "ArchelonSpawnSettings": {
      "shouldSpawn": true,
      "spawnDebug": false,
      "spawnWeight": 1,
      "spawnRandomChance": 10,
      "chunkFreq": 5,
      "chunkOffset": 0,
      "spawnType": "water",
      "minSpawnGroupSize": 1,
      "maxSpawnGroupSize": 1,
      "maxIn256Region": 1
    },
    "ColelytraSpawnSettings": {
      "shouldSpawn": true,
      "spawnDebug": false,
      "spawnWeight": 5,
      "spawnRandomChance": 90,
      "chunkFreq": 0,
      "chunkOffset": 0,
      "spawnType": "overworld",
      "minSpawnGroupSize": 2,
      "maxSpawnGroupSize": 3
    },
    "FirebirdSpawnSettings": {
      "shouldSpawn": true,
      "spawnDebug": false,
      "spawnWeight": 1,
      "spawnRandomChance": 2,
      "spawnYCeiling": 50000,
      "spawnYFloor": 60,
      "chunkFreq": 0,
      "chunkOffset": 0,
      "spawnType": "village",
      "minSpawnGroupSize": 1,
      "maxSpawnGroupSize": 1,
      "maxIn256Region": 1
    }
  },
  "mobConfig": {
    "ACENCIA": {
      "health": 32,
      "speed": 0.42999998807907104,
      "attack": 10,
      "inventorySize": 4,
      "spawnCategory": "AcenciaSpawnSettings",
      "spawnBiomes": [
        "snowyForests"
      ],
      "diet": "carnivore",
      "tamingChance": 10,
      "tamingItems": [
        "mutton",
        "salmon"
      ],
      "breedingItems": [
        "rabbit",
        "chicken",
        "mutton",
        "salmon"
      ],
      "foodItems": [
        "meatItems"
      ],
      "hostileToMobs": [
        "minecraft:rabbit",
        "minecraft:sheep",
        "minecraft:goat",
        "minecraft:chicken"
      ],
      "playerHostile": false,
      "fleeFromPlayer": false,
      "battleWithOwner": true,
      "loudness": 75
    },
    "ARCHELON": {
      "health": 80,
      "speed": 0.17999998807907104,
      "attack": 8,
      "inventorySize": 12,
      "spawnCategory": "ArchelonSpawnSettings",
      "spawnBiomes": [
        "minecraft:deep_lukewarm_ocean"
      ],
      "diet": "omnivore",
      "tamingChance": 8,
      "tamingItems": [
        "cod",
        "salmon"
      ],
      "breedingItems": [
        "cod",
        "salmon"
      ],
      "foodItems": [
        "piscivore"
      ],
      "hostileToMobs": [
        "minecraft:salmon"
      ],
      "playerHostile": false,
      "fleeFromPlayer": false,
      "battleWithOwner": false,
      "followOwner": false,
      "loudness": 75
    },
    "COURIER_BIRD": {
      "health": 24,
      "speed": 0.42999998807907104,
      "attack": 4,
      "inventorySize": 3,
      "spawnCategory": "CourierBirdSpawnSettings",
      "spawnBiomes": [
        "jungle"
      ],
      "diet": "herbivore",
      "tamingChance": 10,
      "tamingItems": [
        "sweet_berries"
      ],
      "foodItems": [
        "fruitItems"
      ],
      "breedingItems": [
        "sweet_berries",
        "melon_slice"
      ],
      "hostileToMobs": [],
      "playerHostile": false,
      "fleeFromPlayer": true,
      "battleWithOwner": true,
      "followOwner": false,
      "loudness": 100
    },
    "DIREWOLF": {
      "health": 40,
      "speed": 0.43599998807907104,
      "attack": 8,
      "inventorySize": 4,
      "spawnCategory": "DireWolfSpawnSettings",
      "spawnBiomes": [
        "oldForests"
      ],
      "diet": "carnivore",
      "tamingChance": 10,
      "tamingItems": [
        "bone"
      ],
      "breedingItems": [
        "rabbit",
        "chicken",
        "mutton",
        "beef",
        "porkchop"
      ],
      "foodItems": [
        "meatItems"
      ],
      "hostileToMobs": [
        "minecraft:sheep",
        "minecraft:skeleton"
      ],
      "playerHostile": false,
      "fleeFromPlayer": false,
      "battleWithOwner": true,
      "followOwner": false,
      "loudness": 80
    },
    "DRAGON": {
      "health": 90,
      "speed": 0.43999998807907104,
      "attack": 14,
      "inventorySize": 9,
      "spawnCategory": "DragonSpawnSettings",
      "spawnBiomes": [
        "All Overworld"
      ],
      "diet": "carnivore",
      "tamingChance": 5,
      "tamingItems": [
        "gold_ingot",
        "diamond",
        "emerald"
      ],
      "foodItems": [
        "meatItems"
      ],
      "breedingItems": [
        "golden_carrot",
        "golden_apple",
        "glistering_melon_slice"
      ],
      "hostileToMobs": [],
      "playerHostile": true,
      "fleeFromPlayer": false,
      "battleWithOwner": true,
      "followOwner": false,
      "loudness": 100
    },
    "GRIFFON": {
      "health": 50,
      "speed": 0.41999998807907104,
      "attack": 7,
      "inventorySize": 4,
      "spawnCategory": "GriffonSpawnSettings",
      "spawnBiomes": [
        "minecraft:windswept_gravelly_hills",
        "minecraft:windswept_forest",
        "minecraft:snowy_slopes",
        "minecraft:jagged_peaks",
        "minecraft:windswept_hills;"
      ],
      "diet": "carnivore",
      "tamingChance": 7,
      "tamingItems": [
        "rabbit",
        "mutton"
      ],
      "breedingItems": [
        "rabbit",
        "mutton"
      ],
      "foodItems": [
        "meatItems"
      ],
      "hostileToMobs": [
        "minecraft:sheep",
        "minecraft:rabbit"
      ],
      "playerHostile": false,
      "fleeFromPlayer": false,
      "battleWithOwner": true,
      "followOwner": false,
      "loudness": 50
    },
    "GECKOTOA": {
      "health": 40,
      "speed": 0.41999998807907104,
      "attack": 5,
      "inventorySize": 9,
      "spawnCategory": "GeckotoaSpawnSettings",
      "spawnBiomes": [
        "All Overworld"
      ],
      "diet": "omnivore",
      "tamingChance": 10,
      "tamingItems": [
        "melon",
        "pumpkin",
        "hay_block"
      ],
      "foodItems": [
        "heartyHerbivore"
      ],
      "breedingItems": [
        "melon",
        "pumpkin",
        "hay_block"
      ],
      "hostileToMobs": [],
      "playerHostile": false,
      "fleeFromPlayer": false,
      "battleWithOwner": false,
      "followOwner": false,
      "loudness": 50
    },
    "MOTH": {
      "health": 15,
      "speed": 0.39999998807907104,
      "attack": 2,
      "inventorySize": 2,
      "spawnCategory": "MothSpawnSettings",
      "spawnBiomes": [
        "Dark Forest Hills",
        "Dark Forest"
      ],
      "diet": "herbivore",
      "tamingChance": 7,
      "seekingBlocks": [
        "minecraft:torch",
        "minecraft:redstone_torch",
        "minecraft:soul_torch"
      ],
      "tamingItems": [
        "flowerItems"
      ],
      "breedingItems": [
        "sugar",
        "melon_slice",
        "glistering_melon_slice"
      ],
      "foodItems": [
        "nectar"
      ],
      "hostileToMobs": [],
      "playerHostile": false,
      "fleeFromPlayer": false,
      "battleWithOwner": false,
      "followOwner": false,
      "loudness": 100
    },
    "NETHER_BAT": {
      "health": 30,
      "speed": 0.40999998807907104,
      "attack": 6,
      "inventorySize": 3,
      "spawnCategory": "NetherBatSpawnSettings",
      "spawnBiomes": [
        "Crimson Forest",
        "Warped Forest"
      ],
      "diet": "omnivore",
      "tamingChance": 10,
      "tamingItems": [
        "porkchop"
      ],
      "breedingItems": [
        "porkchop",
        "apple",
        "rotten_flesh"
      ],
      "foodItems": [
        "scavenger"
      ],
      "hostileToMobs": [],
      "playerHostile": true,
      "fleeFromPlayer": false,
      "battleWithOwner": true,
      "followOwner": false,
      "loudness": 100
    },
    "NUDIBRANCH": {
      "health": 32,
      "speed": 0.40599998807907104,
      "attack": 3,
      "inventorySize": 3,
      "spawnCategory": "NudibranchSpawnSettings",
      "spawnBiomes": [
        "Warm Ocean"
      ],
      "spawnBlocks": [
        "minecraft:brain_coral_block",
        "minecraft:bubble_coral_block",
        "minecraft:fire_coral_block",
        "minecraft:horn_coral_block",
        "minecraft:tube_coral_block"
      ],
      "diet": "herbivore",
      "tamingChance": 10,
      "tamingItems": [
        "seagrass"
      ],
      "foodItems": [
        "seaweedItems"
      ],
      "breedingItems": [
        "kelp"
      ],
      "hostileToMobs": [],
      "playerHostile": false,
      "fleeFromPlayer": false,
      "battleWithOwner": false,
      "followOwner": false,
      "loudness": 100
    },
    "RIDING_LIZARD": {
      "health": 26,
      "speed": 0.42555998807907104,
      "attack": 5,
      "inventorySize": 4,
      "spawnCategory": "RidingLizardSpawnSettings",
      "spawnBiomes": [
        "Desert"
      ],
      "diet": "carnivore",
      "tamingChance": 7,
      "tamingItems": [
        "rabbit",
        "chicken"
      ],
      "breedingItems": [
        "rabbit",
        "chicken",
        "pumpkin",
        "rotten_flesh"
      ],
      "foodItems": [
        "scavenger"
      ],
      "hostileToMobs": [
        "minecraft:rabbit",
        "minecraft:chicken"
      ],
      "playerHostile": true,
      "fleeFromPlayer": false,
      "battleWithOwner": true,
      "followOwner": false,
      "loudness": 100
    },
    "NIGHTMARE": {
      "health": 50,
      "speed": 0.42999998807907104,
      "attack": 6,
      "inventorySize": 8,
      "spawnCategory": "NightmareSpawnSettings",
      "spawnBiomes": [
        "minecraft:basalt_deltas",
        "minecraft:soul_sand_valley"
      ],
      "diet": "omnivore",
      "tamingChance": 3,
      "tamingItems": [
        "bone",
        "coal",
        "charcoal"
      ],
      "breedingItems": [
        "blaze_rod",
        "fire_charge"
      ],
      "hostileToMobs": [
        "minecraft:skeleton",
        "minecraft:wither_skeleton"
      ],
      "foodItems": [
        "mushroomItems",
        "rootItems",
        "bone",
        "coal",
        "charcoal",
        "blaze_rod",
        "fire_charge"
      ],
      "playerHostile": true,
      "fleeFromPlayer": false,
      "battleWithOwner": true,
      "followOwner": false,
      "loudness": 100
    },
    "COLELYTRA": {
      "health": 14,
      "speed": 0.41999998807907104,
      "attack": 2,
      "inventorySize": 5,
      "spawnCategory": "ColelytraSpawnSettings",
      "spawnBiomes": [
        "minecraft:mushroom_fields"
      ],
      "diet": "herbivore",
      "tamingChance": 10,
      "tamingItems": [
        "flowerItems",
        "mushroomItems"
      ],
      "breedingItems": [
        "mushroomItems"
      ],
      "foodItems": [
        "flowerItems",
        "mushroomItems"
      ],
      "hostileToMobs": [],
      "playerHostile": false,
      "fleeFromPlayer": false,
      "battleWithOwner": false,
      "loudness": 100
    },
    "FIREBIRD": {
      "health": 20,
      "speed": 0.41999998807907104,
      "attack": 3,
      "inventorySize": 3,
      "spawnCategory": "FirebirdSpawnSettings",
      "spawnBiomes": [
        "all overworld"
      ],
      "diet": "herbivore",
      "tamingChance": 10,
      "tamingItems": [
        "golden_apple"
      ],
      "breedingItems": [
        "golden_apple"
      ],
      "foodItems": [
        "golden_apple"
      ],
      "hostileToMobs": [],
      "playerHostile": false,
      "fleeFromPlayer": false,
      "battleWithOwner": true,
      "loudness": 100
    }
  }
}