{
  "globalToggles": {
    "skyFog": "DEFAULT",
    "terrainFog": "TRUE",
    "thickFog": "TRUE",
    "waterFog": "TRUE",
    "lavaFog": "TRUE",
    "powderSnowFog": "TRUE",
    "blindnessFog": "DEFAULT"
  },
  "dimensionToggles": {
    "minecraft:overworld": {
      "skyFog": "DEFAULT",
      "terrainFog": "DEFAULT",
      "thickFog": "DEFAULT",
      "waterFog": "DEFAULT",
      "lavaFog": "DEFAULT",
      "powderSnowFog": "DEFAULT",
      "blindnessFog": "DEFAULT"
    },
    "minecraft:overworld_caves": {
      "skyFog": "DEFAULT",
      "terrainFog": "DEFAULT",
      "thickFog": "DEFAULT",
      "waterFog": "DEFAULT",
      "lavaFog": "DEFAULT",
      "powderSnowFog": "DEFAULT",
      "blindnessFog": "DEFAULT"
    },
    "minecraft:the_nether": {
      "skyFog": "DEFAULT",
      "terrainFog": "DEFAULT",
      "thickFog": "DEFAULT",
      "waterFog": "DEFAULT",
      "lavaFog": "DEFAULT",
      "powderSnowFog": "DEFAULT",
      "blindnessFog": "DEFAULT"
    },
    "minecraft:the_end": {
      "skyFog": "DEFAULT",
      "terrainFog": "DEFAULT",
      "thickFog": "DEFAULT",
      "waterFog": "DEFAULT",
      "lavaFog": "DEFAULT",
      "powderSnowFog": "DEFAULT",
      "blindnessFog": "DEFAULT"
    },
    "ae2:spatial_storage": {
      "skyFog": "DEFAULT",
      "terrainFog": "DEFAULT",
      "thickFog": "DEFAULT",
      "waterFog": "DEFAULT",
      "lavaFog": "DEFAULT",
      "powderSnowFog": "DEFAULT",
      "blindnessFog": "DEFAULT"
    },
    "agape:europa_ocean_type": {
      "skyFog": "DEFAULT",
      "terrainFog": "DEFAULT",
      "thickFog": "DEFAULT",
      "waterFog": "DEFAULT",
      "lavaFog": "DEFAULT",
      "powderSnowFog": "DEFAULT",
      "blindnessFog": "DEFAULT"
    },
    "agape:io_type": {
      "skyFog": "DEFAULT",
      "terrainFog": "DEFAULT",
      "thickFog": "DEFAULT",
      "waterFog": "DEFAULT",
      "lavaFog": "DEFAULT",
      "powderSnowFog": "DEFAULT",
      "blindnessFog": "DEFAULT"
    },
    "agape:red_type": {
      "skyFog": "DEFAULT",
      "terrainFog": "DEFAULT",
      "thickFog": "DEFAULT",
      "waterFog": "DEFAULT",
      "lavaFog": "DEFAULT",
      "powderSnowFog": "DEFAULT",
      "blindnessFog": "DEFAULT"
    },
    "agape:m_type": {
      "skyFog": "DEFAULT",
      "terrainFog": "DEFAULT",
      "thickFog": "DEFAULT",
      "waterFog": "DEFAULT",
      "lavaFog": "DEFAULT",
      "powderSnowFog": "DEFAULT",
      "blindnessFog": "DEFAULT"
    },
    "mining_dims:caving_dim": {
      "skyFog": "DEFAULT",
      "terrainFog": "DEFAULT",
      "thickFog": "DEFAULT",
      "waterFog": "DEFAULT",
      "lavaFog": "DEFAULT",
      "powderSnowFog": "DEFAULT",
      "blindnessFog": "DEFAULT"
    },
    "mining_dims:mining_dim": {
      "skyFog": "DEFAULT",
      "terrainFog": "DEFAULT",
      "thickFog": "DEFAULT",
      "waterFog": "DEFAULT",
      "lavaFog": "DEFAULT",
      "powderSnowFog": "DEFAULT",
      "blindnessFog": "DEFAULT"
    },
    "mining_dims:nethering_dim": {
      "skyFog": "DEFAULT",
      "terrainFog": "DEFAULT",
      "thickFog": "DEFAULT",
      "waterFog": "DEFAULT",
      "lavaFog": "DEFAULT",
      "powderSnowFog": "DEFAULT",
      "blindnessFog": "DEFAULT"
    },
    "agape:mercury_type": {
      "skyFog": "DEFAULT",
      "terrainFog": "DEFAULT",
      "thickFog": "DEFAULT",
      "waterFog": "DEFAULT",
      "lavaFog": "DEFAULT",
      "powderSnowFog": "DEFAULT",
      "blindnessFog": "DEFAULT"
    },
    "mining_dims:hunting_dim": {
      "skyFog": "DEFAULT",
      "terrainFog": "DEFAULT",
      "thickFog": "DEFAULT",
      "waterFog": "DEFAULT",
      "lavaFog": "DEFAULT",
      "powderSnowFog": "DEFAULT",
      "blindnessFog": "DEFAULT"
    },
    "agape:europa_type": {
      "skyFog": "DEFAULT",
      "terrainFog": "DEFAULT",
      "thickFog": "DEFAULT",
      "waterFog": "DEFAULT",
      "lavaFog": "DEFAULT",
      "powderSnowFog": "DEFAULT",
      "blindnessFog": "DEFAULT"
    },
    "mining_dims:climbing_dim": {
      "skyFog": "DEFAULT",
      "terrainFog": "DEFAULT",
      "thickFog": "DEFAULT",
      "waterFog": "DEFAULT",
      "lavaFog": "DEFAULT",
      "powderSnowFog": "DEFAULT",
      "blindnessFog": "DEFAULT"
    },
    "voidz:void_type": {
      "skyFog": "DEFAULT",
      "terrainFog": "DEFAULT",
      "thickFog": "DEFAULT",
      "waterFog": "DEFAULT",
      "lavaFog": "DEFAULT",
      "powderSnowFog": "DEFAULT",
      "blindnessFog": "DEFAULT"
    },
    "agape:ganymede_type": {
      "skyFog": "DEFAULT",
      "terrainFog": "DEFAULT",
      "thickFog": "DEFAULT",
      "waterFog": "DEFAULT",
      "lavaFog": "DEFAULT",
      "powderSnowFog": "DEFAULT",
      "blindnessFog": "DEFAULT"
    },
    "agape:starship_1_type": {
      "skyFog": "DEFAULT",
      "terrainFog": "DEFAULT",
      "thickFog": "DEFAULT",
      "waterFog": "DEFAULT",
      "lavaFog": "DEFAULT",
      "powderSnowFog": "DEFAULT",
      "blindnessFog": "DEFAULT"
    },
    "agape:titan_type": {
      "skyFog": "DEFAULT",
      "terrainFog": "DEFAULT",
      "thickFog": "DEFAULT",
      "waterFog": "DEFAULT",
      "lavaFog": "DEFAULT",
      "powderSnowFog": "DEFAULT",
      "blindnessFog": "DEFAULT"
    },
    "spectrum:deeper_down_type": {
      "skyFog": "DEFAULT",
      "terrainFog": "DEFAULT",
      "thickFog": "DEFAULT",
      "waterFog": "DEFAULT",
      "lavaFog": "DEFAULT",
      "powderSnowFog": "DEFAULT",
      "blindnessFog": "DEFAULT"
    }
  },
  "biomeToggles": {
    "terralith:alpha_islands": {
      "skyFog": "DEFAULT",
      "terrainFog": "DEFAULT",
      "thickFog": "DEFAULT",
      "waterFog": "DEFAULT",
      "lavaFog": "DEFAULT",
      "powderSnowFog": "DEFAULT",
      "blindnessFog": "DEFAULT"
    },
    "terralith:alpha_islands_winter": {
      "skyFog": "DEFAULT",
      "terrainFog": "DEFAULT",
      "thickFog": "DEFAULT",
      "waterFog": "DEFAULT",
      "lavaFog": "DEFAULT",
      "powderSnowFog": "DEFAULT",
      "blindnessFog": "DEFAULT"
    },
    "terralith:alpine_grove": {
      "skyFog": "DEFAULT",
      "terrainFog": "DEFAULT",
      "thickFog": "DEFAULT",
      "waterFog": "DEFAULT",
      "lavaFog": "DEFAULT",
      "powderSnowFog": "DEFAULT",
      "blindnessFog": "DEFAULT"
    },
    "terralith:alpine_highlands": {
      "skyFog": "DEFAULT",
      "terrainFog": "DEFAULT",
      "thickFog": "DEFAULT",
      "waterFog": "DEFAULT",
      "lavaFog": "DEFAULT",
      "powderSnowFog": "DEFAULT",
      "blindnessFog": "DEFAULT"
    },
    "betterend:amber_land": {
      "skyFog": "DEFAULT",
      "terrainFog": "DEFAULT",
      "thickFog": "DEFAULT",
      "waterFog": "DEFAULT",
      "lavaFog": "DEFAULT",
      "powderSnowFog": "DEFAULT",
      "blindnessFog": "DEFAULT"
    },
    "terralith:amethyst_canyon": {
      "skyFog": "DEFAULT",
      "terrainFog": "DEFAULT",
      "thickFog": "DEFAULT",
      "waterFog": "DEFAULT",
      "lavaFog": "DEFAULT",
      "powderSnowFog": "DEFAULT",
      "blindnessFog": "DEFAULT"
    },
    "terralith:amethyst_rainforest": {
      "skyFog": "DEFAULT",
      "terrainFog": "DEFAULT",
      "thickFog": "DEFAULT",
      "waterFog": "DEFAULT",
      "lavaFog": "DEFAULT",
      "powderSnowFog": "DEFAULT",
      "blindnessFog": "DEFAULT"
    },
    "terralith:ancient_sands": {
      "skyFog": "DEFAULT",
      "terrainFog": "DEFAULT",
      "thickFog": "DEFAULT",
      "waterFog": "DEFAULT",
      "lavaFog": "DEFAULT",
      "powderSnowFog": "DEFAULT",
      "blindnessFog": "DEFAULT"
    },
    "terralith:cave/andesite_caves": {
      "skyFog": "DEFAULT",
      "terrainFog": "DEFAULT",
      "thickFog": "DEFAULT",
      "waterFog": "DEFAULT",
      "lavaFog": "DEFAULT",
      "powderSnowFog": "DEFAULT",
      "blindnessFog": "DEFAULT"
    },
    "terralith:arid_highlands": {
      "skyFog": "DEFAULT",
      "terrainFog": "DEFAULT",
      "thickFog": "DEFAULT",
      "waterFog": "DEFAULT",
      "lavaFog": "DEFAULT",
      "powderSnowFog": "DEFAULT",
      "blindnessFog": "DEFAULT"
    },
    "terralith:ashen_savanna": {
      "skyFog": "DEFAULT",
      "terrainFog": "DEFAULT",
      "thickFog": "DEFAULT",
      "waterFog": "DEFAULT",
      "lavaFog": "DEFAULT",
      "powderSnowFog": "DEFAULT",
      "blindnessFog": "DEFAULT"
    },
    "minecraft:badlands": {
      "skyFog": "DEFAULT",
      "terrainFog": "DEFAULT",
      "thickFog": "DEFAULT",
      "waterFog": "DEFAULT",
      "lavaFog": "DEFAULT",
      "powderSnowFog": "DEFAULT",
      "blindnessFog": "DEFAULT"
    },
    "minecraft:bamboo_jungle": {
      "skyFog": "DEFAULT",
      "terrainFog": "DEFAULT",
      "thickFog": "DEFAULT",
      "waterFog": "DEFAULT",
      "lavaFog": "DEFAULT",
      "powderSnowFog": "DEFAULT",
      "blindnessFog": "DEFAULT"
    },
    "terralith:basalt_cliffs": {
      "skyFog": "DEFAULT",
      "terrainFog": "DEFAULT",
      "thickFog": "DEFAULT",
      "waterFog": "DEFAULT",
      "lavaFog": "DEFAULT",
      "powderSnowFog": "DEFAULT",
      "blindnessFog": "DEFAULT"
    },
    "minecraft:basalt_deltas": {
      "skyFog": "DEFAULT",
      "terrainFog": "DEFAULT",
      "thickFog": "DEFAULT",
      "waterFog": "DEFAULT",
      "lavaFog": "DEFAULT",
      "powderSnowFog": "DEFAULT",
      "blindnessFog": "DEFAULT"
    },
    "minecraft:beach": {
      "skyFog": "DEFAULT",
      "terrainFog": "DEFAULT",
      "thickFog": "DEFAULT",
      "waterFog": "DEFAULT",
      "lavaFog": "DEFAULT",
      "powderSnowFog": "DEFAULT",
      "blindnessFog": "DEFAULT"
    },
    "minecraft:birch_forest": {
      "skyFog": "DEFAULT",
      "terrainFog": "DEFAULT",
      "thickFog": "DEFAULT",
      "waterFog": "DEFAULT",
      "lavaFog": "DEFAULT",
      "powderSnowFog": "DEFAULT",
      "blindnessFog": "DEFAULT"
    },
    "terralith:birch_taiga": {
      "skyFog": "DEFAULT",
      "terrainFog": "DEFAULT",
      "thickFog": "DEFAULT",
      "waterFog": "DEFAULT",
      "lavaFog": "DEFAULT",
      "powderSnowFog": "DEFAULT",
      "blindnessFog": "DEFAULT"
    },
    "terralith:blooming_plateau": {
      "skyFog": "DEFAULT",
      "terrainFog": "DEFAULT",
      "thickFog": "DEFAULT",
      "waterFog": "DEFAULT",
      "lavaFog": "DEFAULT",
      "powderSnowFog": "DEFAULT",
      "blindnessFog": "DEFAULT"
    },
    "terralith:blooming_valley": {
      "skyFog": "DEFAULT",
      "terrainFog": "DEFAULT",
      "thickFog": "DEFAULT",
      "waterFog": "DEFAULT",
      "lavaFog": "DEFAULT",
      "powderSnowFog": "DEFAULT",
      "blindnessFog": "DEFAULT"
    },
    "betterend:blossoming_spires": {
      "skyFog": "DEFAULT",
      "terrainFog": "DEFAULT",
      "thickFog": "DEFAULT",
      "waterFog": "DEFAULT",
      "lavaFog": "DEFAULT",
      "powderSnowFog": "DEFAULT",
      "blindnessFog": "DEFAULT"
    },
    "betternether:bone_reef": {
      "skyFog": "DEFAULT",
      "terrainFog": "DEFAULT",
      "thickFog": "DEFAULT",
      "waterFog": "DEFAULT",
      "lavaFog": "DEFAULT",
      "powderSnowFog": "DEFAULT",
      "blindnessFog": "DEFAULT"
    },
    "terralith:brushland": {
      "skyFog": "DEFAULT",
      "terrainFog": "DEFAULT",
      "thickFog": "DEFAULT",
      "waterFog": "DEFAULT",
      "lavaFog": "DEFAULT",
      "powderSnowFog": "DEFAULT",
      "blindnessFog": "DEFAULT"
    },
    "terralith:bryce_canyon": {
      "skyFog": "DEFAULT",
      "terrainFog": "DEFAULT",
      "thickFog": "DEFAULT",
      "waterFog": "DEFAULT",
      "lavaFog": "DEFAULT",
      "powderSnowFog": "DEFAULT",
      "blindnessFog": "DEFAULT"
    },
    "terralith:caldera": {
      "skyFog": "DEFAULT",
      "terrainFog": "DEFAULT",
      "thickFog": "DEFAULT",
      "waterFog": "DEFAULT",
      "lavaFog": "DEFAULT",
      "powderSnowFog": "DEFAULT",
      "blindnessFog": "DEFAULT"
    },
    "betterend:chorus_forest": {
      "skyFog": "DEFAULT",
      "terrainFog": "DEFAULT",
      "thickFog": "DEFAULT",
      "waterFog": "DEFAULT",
      "lavaFog": "DEFAULT",
      "powderSnowFog": "DEFAULT",
      "blindnessFog": "DEFAULT"
    },
    "terralith:cloud_forest": {
      "skyFog": "DEFAULT",
      "terrainFog": "DEFAULT",
      "thickFog": "DEFAULT",
      "waterFog": "DEFAULT",
      "lavaFog": "DEFAULT",
      "powderSnowFog": "DEFAULT",
      "blindnessFog": "DEFAULT"
    },
    "minecraft:cold_ocean": {
      "skyFog": "DEFAULT",
      "terrainFog": "DEFAULT",
      "thickFog": "DEFAULT",
      "waterFog": "DEFAULT",
      "lavaFog": "DEFAULT",
      "powderSnowFog": "DEFAULT",
      "blindnessFog": "DEFAULT"
    },
    "terralith:cold_shrubland": {
      "skyFog": "DEFAULT",
      "terrainFog": "DEFAULT",
      "thickFog": "DEFAULT",
      "waterFog": "DEFAULT",
      "lavaFog": "DEFAULT",
      "powderSnowFog": "DEFAULT",
      "blindnessFog": "DEFAULT"
    },
    "minecraft:crimson_forest": {
      "skyFog": "DEFAULT",
      "terrainFog": "DEFAULT",
      "thickFog": "DEFAULT",
      "waterFog": "DEFAULT",
      "lavaFog": "DEFAULT",
      "powderSnowFog": "DEFAULT",
      "blindnessFog": "DEFAULT"
    },
    "betternether:crimson_glowing_woods": {
      "skyFog": "DEFAULT",
      "terrainFog": "DEFAULT",
      "thickFog": "DEFAULT",
      "waterFog": "DEFAULT",
      "lavaFog": "DEFAULT",
      "powderSnowFog": "DEFAULT",
      "blindnessFog": "DEFAULT"
    },
    "betternether:crimson_pinewood": {
      "skyFog": "DEFAULT",
      "terrainFog": "DEFAULT",
      "thickFog": "DEFAULT",
      "waterFog": "DEFAULT",
      "lavaFog": "DEFAULT",
      "powderSnowFog": "DEFAULT",
      "blindnessFog": "DEFAULT"
    },
    "betterend:crystal_mountains": {
      "skyFog": "DEFAULT",
      "terrainFog": "DEFAULT",
      "thickFog": "DEFAULT",
      "waterFog": "DEFAULT",
      "lavaFog": "DEFAULT",
      "powderSnowFog": "DEFAULT",
      "blindnessFog": "DEFAULT"
    },
    "minecraft:dark_forest": {
      "skyFog": "DEFAULT",
      "terrainFog": "DEFAULT",
      "thickFog": "DEFAULT",
      "waterFog": "DEFAULT",
      "lavaFog": "DEFAULT",
      "powderSnowFog": "DEFAULT",
      "blindnessFog": "DEFAULT"
    },
    "betternether:upside_down_forest_cleared": {
      "skyFog": "DEFAULT",
      "terrainFog": "DEFAULT",
      "thickFog": "DEFAULT",
      "waterFog": "DEFAULT",
      "lavaFog": "DEFAULT",
      "powderSnowFog": "DEFAULT",
      "blindnessFog": "DEFAULT"
    },
    "minecraft:deep_cold_ocean": {
      "skyFog": "DEFAULT",
      "terrainFog": "DEFAULT",
      "thickFog": "DEFAULT",
      "waterFog": "DEFAULT",
      "lavaFog": "DEFAULT",
      "powderSnowFog": "DEFAULT",
      "blindnessFog": "DEFAULT"
    },
    "minecraft:deep_frozen_ocean": {
      "skyFog": "DEFAULT",
      "terrainFog": "DEFAULT",
      "thickFog": "DEFAULT",
      "waterFog": "DEFAULT",
      "lavaFog": "DEFAULT",
      "powderSnowFog": "DEFAULT",
      "blindnessFog": "DEFAULT"
    },
    "minecraft:deep_lukewarm_ocean": {
      "skyFog": "DEFAULT",
      "terrainFog": "DEFAULT",
      "thickFog": "DEFAULT",
      "waterFog": "DEFAULT",
      "lavaFog": "DEFAULT",
      "powderSnowFog": "DEFAULT",
      "blindnessFog": "DEFAULT"
    },
    "minecraft:deep_ocean": {
      "skyFog": "DEFAULT",
      "terrainFog": "DEFAULT",
      "thickFog": "DEFAULT",
      "waterFog": "DEFAULT",
      "lavaFog": "DEFAULT",
      "powderSnowFog": "DEFAULT",
      "blindnessFog": "DEFAULT"
    },
    "minecraft:desert": {
      "skyFog": "DEFAULT",
      "terrainFog": "DEFAULT",
      "thickFog": "DEFAULT",
      "waterFog": "DEFAULT",
      "lavaFog": "DEFAULT",
      "powderSnowFog": "DEFAULT",
      "blindnessFog": "DEFAULT"
    },
    "terralith:cave/desert_caves": {
      "skyFog": "DEFAULT",
      "terrainFog": "DEFAULT",
      "thickFog": "DEFAULT",
      "waterFog": "DEFAULT",
      "lavaFog": "DEFAULT",
      "powderSnowFog": "DEFAULT",
      "blindnessFog": "DEFAULT"
    },
    "terralith:desert_oasis": {
      "skyFog": "DEFAULT",
      "terrainFog": "DEFAULT",
      "thickFog": "DEFAULT",
      "waterFog": "DEFAULT",
      "lavaFog": "DEFAULT",
      "powderSnowFog": "DEFAULT",
      "blindnessFog": "DEFAULT"
    },
    "terralith:desert_spires": {
      "skyFog": "DEFAULT",
      "terrainFog": "DEFAULT",
      "thickFog": "DEFAULT",
      "waterFog": "DEFAULT",
      "lavaFog": "DEFAULT",
      "powderSnowFog": "DEFAULT",
      "blindnessFog": "DEFAULT"
    },
    "terralith:cave/diorite_caves": {
      "skyFog": "DEFAULT",
      "terrainFog": "DEFAULT",
      "thickFog": "DEFAULT",
      "waterFog": "DEFAULT",
      "lavaFog": "DEFAULT",
      "powderSnowFog": "DEFAULT",
      "blindnessFog": "DEFAULT"
    },
    "betterend:dragon_graveyards": {
      "skyFog": "DEFAULT",
      "terrainFog": "DEFAULT",
      "thickFog": "DEFAULT",
      "waterFog": "DEFAULT",
      "lavaFog": "DEFAULT",
      "powderSnowFog": "DEFAULT",
      "blindnessFog": "DEFAULT"
    },
    "minecraft:dripstone_caves": {
      "skyFog": "DEFAULT",
      "terrainFog": "DEFAULT",
      "thickFog": "DEFAULT",
      "waterFog": "DEFAULT",
      "lavaFog": "DEFAULT",
      "powderSnowFog": "DEFAULT",
      "blindnessFog": "DEFAULT"
    },
    "betterend:dry_shrubland": {
      "skyFog": "DEFAULT",
      "terrainFog": "DEFAULT",
      "thickFog": "DEFAULT",
      "waterFog": "DEFAULT",
      "lavaFog": "DEFAULT",
      "powderSnowFog": "DEFAULT",
      "blindnessFog": "DEFAULT"
    },
    "betterend:dust_wastelands": {
      "skyFog": "DEFAULT",
      "terrainFog": "DEFAULT",
      "thickFog": "DEFAULT",
      "waterFog": "DEFAULT",
      "lavaFog": "DEFAULT",
      "powderSnowFog": "DEFAULT",
      "blindnessFog": "DEFAULT"
    },
    "terralith:emerald_peaks": {
      "skyFog": "DEFAULT",
      "terrainFog": "DEFAULT",
      "thickFog": "DEFAULT",
      "waterFog": "DEFAULT",
      "lavaFog": "DEFAULT",
      "powderSnowFog": "DEFAULT",
      "blindnessFog": "DEFAULT"
    },
    "betterend:empty_aurora_cave": {
      "skyFog": "DEFAULT",
      "terrainFog": "DEFAULT",
      "thickFog": "DEFAULT",
      "waterFog": "DEFAULT",
      "lavaFog": "DEFAULT",
      "powderSnowFog": "DEFAULT",
      "blindnessFog": "DEFAULT"
    },
    "betterend:empty_end_cave": {
      "skyFog": "DEFAULT",
      "terrainFog": "DEFAULT",
      "thickFog": "DEFAULT",
      "waterFog": "DEFAULT",
      "lavaFog": "DEFAULT",
      "powderSnowFog": "DEFAULT",
      "blindnessFog": "DEFAULT"
    },
    "betterend:empty_smaragdant_cave": {
      "skyFog": "DEFAULT",
      "terrainFog": "DEFAULT",
      "thickFog": "DEFAULT",
      "waterFog": "DEFAULT",
      "lavaFog": "DEFAULT",
      "powderSnowFog": "DEFAULT",
      "blindnessFog": "DEFAULT"
    },
    "minecraft:end_barrens": {
      "skyFog": "DEFAULT",
      "terrainFog": "DEFAULT",
      "thickFog": "DEFAULT",
      "waterFog": "DEFAULT",
      "lavaFog": "DEFAULT",
      "powderSnowFog": "DEFAULT",
      "blindnessFog": "DEFAULT"
    },
    "minecraft:end_highlands": {
      "skyFog": "DEFAULT",
      "terrainFog": "DEFAULT",
      "thickFog": "DEFAULT",
      "waterFog": "DEFAULT",
      "lavaFog": "DEFAULT",
      "powderSnowFog": "DEFAULT",
      "blindnessFog": "DEFAULT"
    },
    "minecraft:end_midlands": {
      "skyFog": "DEFAULT",
      "terrainFog": "DEFAULT",
      "thickFog": "DEFAULT",
      "waterFog": "DEFAULT",
      "lavaFog": "DEFAULT",
      "powderSnowFog": "DEFAULT",
      "blindnessFog": "DEFAULT"
    },
    "minecraft:eroded_badlands": {
      "skyFog": "DEFAULT",
      "terrainFog": "DEFAULT",
      "thickFog": "DEFAULT",
      "waterFog": "DEFAULT",
      "lavaFog": "DEFAULT",
      "powderSnowFog": "DEFAULT",
      "blindnessFog": "DEFAULT"
    },
    "betternether:flooded_deltas": {
      "skyFog": "DEFAULT",
      "terrainFog": "DEFAULT",
      "thickFog": "DEFAULT",
      "waterFog": "DEFAULT",
      "lavaFog": "DEFAULT",
      "powderSnowFog": "DEFAULT",
      "blindnessFog": "DEFAULT"
    },
    "minecraft:flower_forest": {
      "skyFog": "DEFAULT",
      "terrainFog": "DEFAULT",
      "thickFog": "DEFAULT",
      "waterFog": "DEFAULT",
      "lavaFog": "DEFAULT",
      "powderSnowFog": "DEFAULT",
      "blindnessFog": "DEFAULT"
    },
    "betterend:foggy_mushroomland": {
      "skyFog": "DEFAULT",
      "terrainFog": "DEFAULT",
      "thickFog": "DEFAULT",
      "waterFog": "DEFAULT",
      "lavaFog": "DEFAULT",
      "powderSnowFog": "DEFAULT",
      "blindnessFog": "DEFAULT"
    },
    "minecraft:forest": {
      "skyFog": "DEFAULT",
      "terrainFog": "DEFAULT",
      "thickFog": "DEFAULT",
      "waterFog": "DEFAULT",
      "lavaFog": "DEFAULT",
      "powderSnowFog": "DEFAULT",
      "blindnessFog": "DEFAULT"
    },
    "terralith:forested_highlands": {
      "skyFog": "DEFAULT",
      "terrainFog": "DEFAULT",
      "thickFog": "DEFAULT",
      "waterFog": "DEFAULT",
      "lavaFog": "DEFAULT",
      "powderSnowFog": "DEFAULT",
      "blindnessFog": "DEFAULT"
    },
    "terralith:fractured_savanna": {
      "skyFog": "DEFAULT",
      "terrainFog": "DEFAULT",
      "thickFog": "DEFAULT",
      "waterFog": "DEFAULT",
      "lavaFog": "DEFAULT",
      "powderSnowFog": "DEFAULT",
      "blindnessFog": "DEFAULT"
    },
    "terralith:cave/frostfire_caves": {
      "skyFog": "DEFAULT",
      "terrainFog": "DEFAULT",
      "thickFog": "DEFAULT",
      "waterFog": "DEFAULT",
      "lavaFog": "DEFAULT",
      "powderSnowFog": "DEFAULT",
      "blindnessFog": "DEFAULT"
    },
    "terralith:frozen_cliffs": {
      "skyFog": "DEFAULT",
      "terrainFog": "DEFAULT",
      "thickFog": "DEFAULT",
      "waterFog": "DEFAULT",
      "lavaFog": "DEFAULT",
      "powderSnowFog": "DEFAULT",
      "blindnessFog": "DEFAULT"
    },
    "minecraft:frozen_ocean": {
      "skyFog": "DEFAULT",
      "terrainFog": "DEFAULT",
      "thickFog": "DEFAULT",
      "waterFog": "DEFAULT",
      "lavaFog": "DEFAULT",
      "powderSnowFog": "DEFAULT",
      "blindnessFog": "DEFAULT"
    },
    "minecraft:frozen_peaks": {
      "skyFog": "DEFAULT",
      "terrainFog": "DEFAULT",
      "thickFog": "DEFAULT",
      "waterFog": "DEFAULT",
      "lavaFog": "DEFAULT",
      "powderSnowFog": "DEFAULT",
      "blindnessFog": "DEFAULT"
    },
    "minecraft:frozen_river": {
      "skyFog": "DEFAULT",
      "terrainFog": "DEFAULT",
      "thickFog": "DEFAULT",
      "waterFog": "DEFAULT",
      "lavaFog": "DEFAULT",
      "powderSnowFog": "DEFAULT",
      "blindnessFog": "DEFAULT"
    },
    "terralith:cave/fungal_caves": {
      "skyFog": "DEFAULT",
      "terrainFog": "DEFAULT",
      "thickFog": "DEFAULT",
      "waterFog": "DEFAULT",
      "lavaFog": "DEFAULT",
      "powderSnowFog": "DEFAULT",
      "blindnessFog": "DEFAULT"
    },
    "terralith:glacial_chasm": {
      "skyFog": "DEFAULT",
      "terrainFog": "DEFAULT",
      "thickFog": "DEFAULT",
      "waterFog": "DEFAULT",
      "lavaFog": "DEFAULT",
      "powderSnowFog": "DEFAULT",
      "blindnessFog": "DEFAULT"
    },
    "betterend:glowing_grasslands": {
      "skyFog": "DEFAULT",
      "terrainFog": "DEFAULT",
      "thickFog": "DEFAULT",
      "waterFog": "DEFAULT",
      "lavaFog": "DEFAULT",
      "powderSnowFog": "DEFAULT",
      "blindnessFog": "DEFAULT"
    },
    "terralith:cave/granite_caves": {
      "skyFog": "DEFAULT",
      "terrainFog": "DEFAULT",
      "thickFog": "DEFAULT",
      "waterFog": "DEFAULT",
      "lavaFog": "DEFAULT",
      "powderSnowFog": "DEFAULT",
      "blindnessFog": "DEFAULT"
    },
    "terralith:granite_cliffs": {
      "skyFog": "DEFAULT",
      "terrainFog": "DEFAULT",
      "thickFog": "DEFAULT",
      "waterFog": "DEFAULT",
      "lavaFog": "DEFAULT",
      "powderSnowFog": "DEFAULT",
      "blindnessFog": "DEFAULT"
    },
    "terralith:gravel_beach": {
      "skyFog": "DEFAULT",
      "terrainFog": "DEFAULT",
      "thickFog": "DEFAULT",
      "waterFog": "DEFAULT",
      "lavaFog": "DEFAULT",
      "powderSnowFog": "DEFAULT",
      "blindnessFog": "DEFAULT"
    },
    "betternether:gravel_desert": {
      "skyFog": "DEFAULT",
      "terrainFog": "DEFAULT",
      "thickFog": "DEFAULT",
      "waterFog": "DEFAULT",
      "lavaFog": "DEFAULT",
      "powderSnowFog": "DEFAULT",
      "blindnessFog": "DEFAULT"
    },
    "terralith:gravel_desert": {
      "skyFog": "DEFAULT",
      "terrainFog": "DEFAULT",
      "thickFog": "DEFAULT",
      "waterFog": "DEFAULT",
      "lavaFog": "DEFAULT",
      "powderSnowFog": "DEFAULT",
      "blindnessFog": "DEFAULT"
    },
    "minecraft:grove": {
      "skyFog": "DEFAULT",
      "terrainFog": "DEFAULT",
      "thickFog": "DEFAULT",
      "waterFog": "DEFAULT",
      "lavaFog": "DEFAULT",
      "powderSnowFog": "DEFAULT",
      "blindnessFog": "DEFAULT"
    },
    "terralith:haze_mountain": {
      "skyFog": "DEFAULT",
      "terrainFog": "DEFAULT",
      "thickFog": "DEFAULT",
      "waterFog": "DEFAULT",
      "lavaFog": "DEFAULT",
      "powderSnowFog": "DEFAULT",
      "blindnessFog": "DEFAULT"
    },
    "terralith:highlands": {
      "skyFog": "DEFAULT",
      "terrainFog": "DEFAULT",
      "thickFog": "DEFAULT",
      "waterFog": "DEFAULT",
      "lavaFog": "DEFAULT",
      "powderSnowFog": "DEFAULT",
      "blindnessFog": "DEFAULT"
    },
    "terralith:hot_shrubland": {
      "skyFog": "DEFAULT",
      "terrainFog": "DEFAULT",
      "thickFog": "DEFAULT",
      "waterFog": "DEFAULT",
      "lavaFog": "DEFAULT",
      "powderSnowFog": "DEFAULT",
      "blindnessFog": "DEFAULT"
    },
    "terralith:cave/ice_caves": {
      "skyFog": "DEFAULT",
      "terrainFog": "DEFAULT",
      "thickFog": "DEFAULT",
      "waterFog": "DEFAULT",
      "lavaFog": "DEFAULT",
      "powderSnowFog": "DEFAULT",
      "blindnessFog": "DEFAULT"
    },
    "terralith:ice_marsh": {
      "skyFog": "DEFAULT",
      "terrainFog": "DEFAULT",
      "thickFog": "DEFAULT",
      "waterFog": "DEFAULT",
      "lavaFog": "DEFAULT",
      "powderSnowFog": "DEFAULT",
      "blindnessFog": "DEFAULT"
    },
    "minecraft:ice_spikes": {
      "skyFog": "DEFAULT",
      "terrainFog": "DEFAULT",
      "thickFog": "DEFAULT",
      "waterFog": "DEFAULT",
      "lavaFog": "DEFAULT",
      "powderSnowFog": "DEFAULT",
      "blindnessFog": "DEFAULT"
    },
    "betterend:ice_starfield": {
      "skyFog": "DEFAULT",
      "terrainFog": "DEFAULT",
      "thickFog": "DEFAULT",
      "waterFog": "DEFAULT",
      "lavaFog": "DEFAULT",
      "powderSnowFog": "DEFAULT",
      "blindnessFog": "DEFAULT"
    },
    "betterend:jade_cave": {
      "skyFog": "DEFAULT",
      "terrainFog": "DEFAULT",
      "thickFog": "DEFAULT",
      "waterFog": "DEFAULT",
      "lavaFog": "DEFAULT",
      "powderSnowFog": "DEFAULT",
      "blindnessFog": "DEFAULT"
    },
    "minecraft:jagged_peaks": {
      "skyFog": "DEFAULT",
      "terrainFog": "DEFAULT",
      "thickFog": "DEFAULT",
      "waterFog": "DEFAULT",
      "lavaFog": "DEFAULT",
      "powderSnowFog": "DEFAULT",
      "blindnessFog": "DEFAULT"
    },
    "minecraft:jungle": {
      "skyFog": "DEFAULT",
      "terrainFog": "DEFAULT",
      "thickFog": "DEFAULT",
      "waterFog": "DEFAULT",
      "lavaFog": "DEFAULT",
      "powderSnowFog": "DEFAULT",
      "blindnessFog": "DEFAULT"
    },
    "terralith:jungle_mountains": {
      "skyFog": "DEFAULT",
      "terrainFog": "DEFAULT",
      "thickFog": "DEFAULT",
      "waterFog": "DEFAULT",
      "lavaFog": "DEFAULT",
      "powderSnowFog": "DEFAULT",
      "blindnessFog": "DEFAULT"
    },
    "betterend:lantern_woods": {
      "skyFog": "DEFAULT",
      "terrainFog": "DEFAULT",
      "thickFog": "DEFAULT",
      "waterFog": "DEFAULT",
      "lavaFog": "DEFAULT",
      "powderSnowFog": "DEFAULT",
      "blindnessFog": "DEFAULT"
    },
    "terralith:lavender_forest": {
      "skyFog": "DEFAULT",
      "terrainFog": "DEFAULT",
      "thickFog": "DEFAULT",
      "waterFog": "DEFAULT",
      "lavaFog": "DEFAULT",
      "powderSnowFog": "DEFAULT",
      "blindnessFog": "DEFAULT"
    },
    "terralith:lavender_valley": {
      "skyFog": "DEFAULT",
      "terrainFog": "DEFAULT",
      "thickFog": "DEFAULT",
      "waterFog": "DEFAULT",
      "lavaFog": "DEFAULT",
      "powderSnowFog": "DEFAULT",
      "blindnessFog": "DEFAULT"
    },
    "minecraft:lukewarm_ocean": {
      "skyFog": "DEFAULT",
      "terrainFog": "DEFAULT",
      "thickFog": "DEFAULT",
      "waterFog": "DEFAULT",
      "lavaFog": "DEFAULT",
      "powderSnowFog": "DEFAULT",
      "blindnessFog": "DEFAULT"
    },
    "betterend:lush_aurora_cave": {
      "skyFog": "DEFAULT",
      "terrainFog": "DEFAULT",
      "thickFog": "DEFAULT",
      "waterFog": "DEFAULT",
      "lavaFog": "DEFAULT",
      "powderSnowFog": "DEFAULT",
      "blindnessFog": "DEFAULT"
    },
    "minecraft:lush_caves": {
      "skyFog": "DEFAULT",
      "terrainFog": "DEFAULT",
      "thickFog": "DEFAULT",
      "waterFog": "DEFAULT",
      "lavaFog": "DEFAULT",
      "powderSnowFog": "DEFAULT",
      "blindnessFog": "DEFAULT"
    },
    "betterend:lush_smaragdant_cave": {
      "skyFog": "DEFAULT",
      "terrainFog": "DEFAULT",
      "thickFog": "DEFAULT",
      "waterFog": "DEFAULT",
      "lavaFog": "DEFAULT",
      "powderSnowFog": "DEFAULT",
      "blindnessFog": "DEFAULT"
    },
    "terralith:lush_valley": {
      "skyFog": "DEFAULT",
      "terrainFog": "DEFAULT",
      "thickFog": "DEFAULT",
      "waterFog": "DEFAULT",
      "lavaFog": "DEFAULT",
      "powderSnowFog": "DEFAULT",
      "blindnessFog": "DEFAULT"
    },
    "betternether:magma_land": {
      "skyFog": "DEFAULT",
      "terrainFog": "DEFAULT",
      "thickFog": "DEFAULT",
      "waterFog": "DEFAULT",
      "lavaFog": "DEFAULT",
      "powderSnowFog": "DEFAULT",
      "blindnessFog": "DEFAULT"
    },
    "terralith:cave/mantle_caves": {
      "skyFog": "DEFAULT",
      "terrainFog": "DEFAULT",
      "thickFog": "DEFAULT",
      "waterFog": "DEFAULT",
      "lavaFog": "DEFAULT",
      "powderSnowFog": "DEFAULT",
      "blindnessFog": "DEFAULT"
    },
    "minecraft:meadow": {
      "skyFog": "DEFAULT",
      "terrainFog": "DEFAULT",
      "thickFog": "DEFAULT",
      "waterFog": "DEFAULT",
      "lavaFog": "DEFAULT",
      "powderSnowFog": "DEFAULT",
      "blindnessFog": "DEFAULT"
    },
    "betterend:megalake": {
      "skyFog": "DEFAULT",
      "terrainFog": "DEFAULT",
      "thickFog": "DEFAULT",
      "waterFog": "DEFAULT",
      "lavaFog": "DEFAULT",
      "powderSnowFog": "DEFAULT",
      "blindnessFog": "DEFAULT"
    },
    "betterend:megalake_grove": {
      "skyFog": "DEFAULT",
      "terrainFog": "DEFAULT",
      "thickFog": "DEFAULT",
      "waterFog": "DEFAULT",
      "lavaFog": "DEFAULT",
      "powderSnowFog": "DEFAULT",
      "blindnessFog": "DEFAULT"
    },
    "terralith:mirage_isles": {
      "skyFog": "DEFAULT",
      "terrainFog": "DEFAULT",
      "thickFog": "DEFAULT",
      "waterFog": "DEFAULT",
      "lavaFog": "DEFAULT",
      "powderSnowFog": "DEFAULT",
      "blindnessFog": "DEFAULT"
    },
    "agape:moon_ground": {
      "skyFog": "DEFAULT",
      "terrainFog": "DEFAULT",
      "thickFog": "DEFAULT",
      "waterFog": "DEFAULT",
      "lavaFog": "DEFAULT",
      "powderSnowFog": "DEFAULT",
      "blindnessFog": "DEFAULT"
    },
    "terralith:moonlight_grove": {
      "skyFog": "DEFAULT",
      "terrainFog": "DEFAULT",
      "thickFog": "DEFAULT",
      "waterFog": "DEFAULT",
      "lavaFog": "DEFAULT",
      "powderSnowFog": "DEFAULT",
      "blindnessFog": "DEFAULT"
    },
    "terralith:moonlight_valley": {
      "skyFog": "DEFAULT",
      "terrainFog": "DEFAULT",
      "thickFog": "DEFAULT",
      "waterFog": "DEFAULT",
      "lavaFog": "DEFAULT",
      "powderSnowFog": "DEFAULT",
      "blindnessFog": "DEFAULT"
    },
    "terralith:mountain_steppe": {
      "skyFog": "DEFAULT",
      "terrainFog": "DEFAULT",
      "thickFog": "DEFAULT",
      "waterFog": "DEFAULT",
      "lavaFog": "DEFAULT",
      "powderSnowFog": "DEFAULT",
      "blindnessFog": "DEFAULT"
    },
    "minecraft:mushroom_fields": {
      "skyFog": "DEFAULT",
      "terrainFog": "DEFAULT",
      "thickFog": "DEFAULT",
      "waterFog": "DEFAULT",
      "lavaFog": "DEFAULT",
      "powderSnowFog": "DEFAULT",
      "blindnessFog": "DEFAULT"
    },
    "betterend:neon_oasis": {
      "skyFog": "DEFAULT",
      "terrainFog": "DEFAULT",
      "thickFog": "DEFAULT",
      "waterFog": "DEFAULT",
      "lavaFog": "DEFAULT",
      "powderSnowFog": "DEFAULT",
      "blindnessFog": "DEFAULT"
    },
    "betternether:nether_grasslands": {
      "skyFog": "DEFAULT",
      "terrainFog": "DEFAULT",
      "thickFog": "DEFAULT",
      "waterFog": "DEFAULT",
      "lavaFog": "DEFAULT",
      "powderSnowFog": "DEFAULT",
      "blindnessFog": "DEFAULT"
    },
    "betternether:nether_jungle": {
      "skyFog": "DEFAULT",
      "terrainFog": "DEFAULT",
      "thickFog": "DEFAULT",
      "waterFog": "DEFAULT",
      "lavaFog": "DEFAULT",
      "powderSnowFog": "DEFAULT",
      "blindnessFog": "DEFAULT"
    },
    "betternether:nether_mushroom_forest": {
      "skyFog": "DEFAULT",
      "terrainFog": "DEFAULT",
      "thickFog": "DEFAULT",
      "waterFog": "DEFAULT",
      "lavaFog": "DEFAULT",
      "powderSnowFog": "DEFAULT",
      "blindnessFog": "DEFAULT"
    },
    "betternether:nether_mushroom_forest_edge": {
      "skyFog": "DEFAULT",
      "terrainFog": "DEFAULT",
      "thickFog": "DEFAULT",
      "waterFog": "DEFAULT",
      "lavaFog": "DEFAULT",
      "powderSnowFog": "DEFAULT",
      "blindnessFog": "DEFAULT"
    },
    "betternether:nether_swampland": {
      "skyFog": "DEFAULT",
      "terrainFog": "DEFAULT",
      "thickFog": "DEFAULT",
      "waterFog": "DEFAULT",
      "lavaFog": "DEFAULT",
      "powderSnowFog": "DEFAULT",
      "blindnessFog": "DEFAULT"
    },
    "betternether:nether_swampland_terraces": {
      "skyFog": "DEFAULT",
      "terrainFog": "DEFAULT",
      "thickFog": "DEFAULT",
      "waterFog": "DEFAULT",
      "lavaFog": "DEFAULT",
      "powderSnowFog": "DEFAULT",
      "blindnessFog": "DEFAULT"
    },
    "minecraft:nether_wastes": {
      "skyFog": "DEFAULT",
      "terrainFog": "DEFAULT",
      "thickFog": "DEFAULT",
      "waterFog": "DEFAULT",
      "lavaFog": "DEFAULT",
      "powderSnowFog": "DEFAULT",
      "blindnessFog": "DEFAULT"
    },
    "minecraft:ocean": {
      "skyFog": "DEFAULT",
      "terrainFog": "DEFAULT",
      "thickFog": "DEFAULT",
      "waterFog": "DEFAULT",
      "lavaFog": "DEFAULT",
      "powderSnowFog": "DEFAULT",
      "blindnessFog": "DEFAULT"
    },
    "betternether:old_fungiwoods": {
      "skyFog": "DEFAULT",
      "terrainFog": "DEFAULT",
      "thickFog": "DEFAULT",
      "waterFog": "DEFAULT",
      "lavaFog": "DEFAULT",
      "powderSnowFog": "DEFAULT",
      "blindnessFog": "DEFAULT"
    },
    "minecraft:old_growth_birch_forest": {
      "skyFog": "DEFAULT",
      "terrainFog": "DEFAULT",
      "thickFog": "DEFAULT",
      "waterFog": "DEFAULT",
      "lavaFog": "DEFAULT",
      "powderSnowFog": "DEFAULT",
      "blindnessFog": "DEFAULT"
    },
    "minecraft:old_growth_pine_taiga": {
      "skyFog": "DEFAULT",
      "terrainFog": "DEFAULT",
      "thickFog": "DEFAULT",
      "waterFog": "DEFAULT",
      "lavaFog": "DEFAULT",
      "powderSnowFog": "DEFAULT",
      "blindnessFog": "DEFAULT"
    },
    "minecraft:old_growth_spruce_taiga": {
      "skyFog": "DEFAULT",
      "terrainFog": "DEFAULT",
      "thickFog": "DEFAULT",
      "waterFog": "DEFAULT",
      "lavaFog": "DEFAULT",
      "powderSnowFog": "DEFAULT",
      "blindnessFog": "DEFAULT"
    },
    "betternether:old_swampland": {
      "skyFog": "DEFAULT",
      "terrainFog": "DEFAULT",
      "thickFog": "DEFAULT",
      "waterFog": "DEFAULT",
      "lavaFog": "DEFAULT",
      "powderSnowFog": "DEFAULT",
      "blindnessFog": "DEFAULT"
    },
    "betternether:old_warped_woods": {
      "skyFog": "DEFAULT",
      "terrainFog": "DEFAULT",
      "thickFog": "DEFAULT",
      "waterFog": "DEFAULT",
      "lavaFog": "DEFAULT",
      "powderSnowFog": "DEFAULT",
      "blindnessFog": "DEFAULT"
    },
    "terralith:orchid_swamp": {
      "skyFog": "DEFAULT",
      "terrainFog": "DEFAULT",
      "thickFog": "DEFAULT",
      "waterFog": "DEFAULT",
      "lavaFog": "DEFAULT",
      "powderSnowFog": "DEFAULT",
      "blindnessFog": "DEFAULT"
    },
    "betterend:painted_mountains": {
      "skyFog": "DEFAULT",
      "terrainFog": "DEFAULT",
      "thickFog": "DEFAULT",
      "waterFog": "DEFAULT",
      "lavaFog": "DEFAULT",
      "powderSnowFog": "DEFAULT",
      "blindnessFog": "DEFAULT"
    },
    "terralith:painted_mountains": {
      "skyFog": "DEFAULT",
      "terrainFog": "DEFAULT",
      "thickFog": "DEFAULT",
      "waterFog": "DEFAULT",
      "lavaFog": "DEFAULT",
      "powderSnowFog": "DEFAULT",
      "blindnessFog": "DEFAULT"
    },
    "minecraft:plains": {
      "skyFog": "DEFAULT",
      "terrainFog": "DEFAULT",
      "thickFog": "DEFAULT",
      "waterFog": "DEFAULT",
      "lavaFog": "DEFAULT",
      "powderSnowFog": "DEFAULT",
      "blindnessFog": "DEFAULT"
    },
    "betternether:poor_nether_grasslands": {
      "skyFog": "DEFAULT",
      "terrainFog": "DEFAULT",
      "thickFog": "DEFAULT",
      "waterFog": "DEFAULT",
      "lavaFog": "DEFAULT",
      "powderSnowFog": "DEFAULT",
      "blindnessFog": "DEFAULT"
    },
    "terralith:red_oasis": {
      "skyFog": "DEFAULT",
      "terrainFog": "DEFAULT",
      "thickFog": "DEFAULT",
      "waterFog": "DEFAULT",
      "lavaFog": "DEFAULT",
      "powderSnowFog": "DEFAULT",
      "blindnessFog": "DEFAULT"
    },
    "minecraft:river": {
      "skyFog": "DEFAULT",
      "terrainFog": "DEFAULT",
      "thickFog": "DEFAULT",
      "waterFog": "DEFAULT",
      "lavaFog": "DEFAULT",
      "powderSnowFog": "DEFAULT",
      "blindnessFog": "DEFAULT"
    },
    "terralith:rocky_jungle": {
      "skyFog": "DEFAULT",
      "terrainFog": "DEFAULT",
      "thickFog": "DEFAULT",
      "waterFog": "DEFAULT",
      "lavaFog": "DEFAULT",
      "powderSnowFog": "DEFAULT",
      "blindnessFog": "DEFAULT"
    },
    "terralith:rocky_mountains": {
      "skyFog": "DEFAULT",
      "terrainFog": "DEFAULT",
      "thickFog": "DEFAULT",
      "waterFog": "DEFAULT",
      "lavaFog": "DEFAULT",
      "powderSnowFog": "DEFAULT",
      "blindnessFog": "DEFAULT"
    },
    "terralith:rocky_shrubland": {
      "skyFog": "DEFAULT",
      "terrainFog": "DEFAULT",
      "thickFog": "DEFAULT",
      "waterFog": "DEFAULT",
      "lavaFog": "DEFAULT",
      "powderSnowFog": "DEFAULT",
      "blindnessFog": "DEFAULT"
    },
    "terralith:sakura_grove": {
      "skyFog": "DEFAULT",
      "terrainFog": "DEFAULT",
      "thickFog": "DEFAULT",
      "waterFog": "DEFAULT",
      "lavaFog": "DEFAULT",
      "powderSnowFog": "DEFAULT",
      "blindnessFog": "DEFAULT"
    },
    "terralith:sakura_valley": {
      "skyFog": "DEFAULT",
      "terrainFog": "DEFAULT",
      "thickFog": "DEFAULT",
      "waterFog": "DEFAULT",
      "lavaFog": "DEFAULT",
      "powderSnowFog": "DEFAULT",
      "blindnessFog": "DEFAULT"
    },
    "terralith:sandstone_valley": {
      "skyFog": "DEFAULT",
      "terrainFog": "DEFAULT",
      "thickFog": "DEFAULT",
      "waterFog": "DEFAULT",
      "lavaFog": "DEFAULT",
      "powderSnowFog": "DEFAULT",
      "blindnessFog": "DEFAULT"
    },
    "minecraft:savanna": {
      "skyFog": "DEFAULT",
      "terrainFog": "DEFAULT",
      "thickFog": "DEFAULT",
      "waterFog": "DEFAULT",
      "lavaFog": "DEFAULT",
      "powderSnowFog": "DEFAULT",
      "blindnessFog": "DEFAULT"
    },
    "terralith:savanna_badlands": {
      "skyFog": "DEFAULT",
      "terrainFog": "DEFAULT",
      "thickFog": "DEFAULT",
      "waterFog": "DEFAULT",
      "lavaFog": "DEFAULT",
      "powderSnowFog": "DEFAULT",
      "blindnessFog": "DEFAULT"
    },
    "minecraft:savanna_plateau": {
      "skyFog": "DEFAULT",
      "terrainFog": "DEFAULT",
      "thickFog": "DEFAULT",
      "waterFog": "DEFAULT",
      "lavaFog": "DEFAULT",
      "powderSnowFog": "DEFAULT",
      "blindnessFog": "DEFAULT"
    },
    "terralith:savanna_slopes": {
      "skyFog": "DEFAULT",
      "terrainFog": "DEFAULT",
      "thickFog": "DEFAULT",
      "waterFog": "DEFAULT",
      "lavaFog": "DEFAULT",
      "powderSnowFog": "DEFAULT",
      "blindnessFog": "DEFAULT"
    },
    "terralith:scarlet_mountains": {
      "skyFog": "DEFAULT",
      "terrainFog": "DEFAULT",
      "thickFog": "DEFAULT",
      "waterFog": "DEFAULT",
      "lavaFog": "DEFAULT",
      "powderSnowFog": "DEFAULT",
      "blindnessFog": "DEFAULT"
    },
    "betterend:shadow_forest": {
      "skyFog": "DEFAULT",
      "terrainFog": "DEFAULT",
      "thickFog": "DEFAULT",
      "waterFog": "DEFAULT",
      "lavaFog": "DEFAULT",
      "powderSnowFog": "DEFAULT",
      "blindnessFog": "DEFAULT"
    },
    "terralith:shield": {
      "skyFog": "DEFAULT",
      "terrainFog": "DEFAULT",
      "thickFog": "DEFAULT",
      "waterFog": "DEFAULT",
      "lavaFog": "DEFAULT",
      "powderSnowFog": "DEFAULT",
      "blindnessFog": "DEFAULT"
    },
    "terralith:shield_clearing": {
      "skyFog": "DEFAULT",
      "terrainFog": "DEFAULT",
      "thickFog": "DEFAULT",
      "waterFog": "DEFAULT",
      "lavaFog": "DEFAULT",
      "powderSnowFog": "DEFAULT",
      "blindnessFog": "DEFAULT"
    },
    "terralith:shrubland": {
      "skyFog": "DEFAULT",
      "terrainFog": "DEFAULT",
      "thickFog": "DEFAULT",
      "waterFog": "DEFAULT",
      "lavaFog": "DEFAULT",
      "powderSnowFog": "DEFAULT",
      "blindnessFog": "DEFAULT"
    },
    "terralith:siberian_grove": {
      "skyFog": "DEFAULT",
      "terrainFog": "DEFAULT",
      "thickFog": "DEFAULT",
      "waterFog": "DEFAULT",
      "lavaFog": "DEFAULT",
      "powderSnowFog": "DEFAULT",
      "blindnessFog": "DEFAULT"
    },
    "terralith:siberian_taiga": {
      "skyFog": "DEFAULT",
      "terrainFog": "DEFAULT",
      "thickFog": "DEFAULT",
      "waterFog": "DEFAULT",
      "lavaFog": "DEFAULT",
      "powderSnowFog": "DEFAULT",
      "blindnessFog": "DEFAULT"
    },
    "terralith:skylands": {
      "skyFog": "DEFAULT",
      "terrainFog": "DEFAULT",
      "thickFog": "DEFAULT",
      "waterFog": "DEFAULT",
      "lavaFog": "DEFAULT",
      "powderSnowFog": "DEFAULT",
      "blindnessFog": "DEFAULT"
    },
    "terralith:skylands_autumn": {
      "skyFog": "DEFAULT",
      "terrainFog": "DEFAULT",
      "thickFog": "DEFAULT",
      "waterFog": "DEFAULT",
      "lavaFog": "DEFAULT",
      "powderSnowFog": "DEFAULT",
      "blindnessFog": "DEFAULT"
    },
    "terralith:skylands_spring": {
      "skyFog": "DEFAULT",
      "terrainFog": "DEFAULT",
      "thickFog": "DEFAULT",
      "waterFog": "DEFAULT",
      "lavaFog": "DEFAULT",
      "powderSnowFog": "DEFAULT",
      "blindnessFog": "DEFAULT"
    },
    "terralith:skylands_summer": {
      "skyFog": "DEFAULT",
      "terrainFog": "DEFAULT",
      "thickFog": "DEFAULT",
      "waterFog": "DEFAULT",
      "lavaFog": "DEFAULT",
      "powderSnowFog": "DEFAULT",
      "blindnessFog": "DEFAULT"
    },
    "terralith:skylands_winter": {
      "skyFog": "DEFAULT",
      "terrainFog": "DEFAULT",
      "thickFog": "DEFAULT",
      "waterFog": "DEFAULT",
      "lavaFog": "DEFAULT",
      "powderSnowFog": "DEFAULT",
      "blindnessFog": "DEFAULT"
    },
    "minecraft:small_end_islands": {
      "skyFog": "DEFAULT",
      "terrainFog": "DEFAULT",
      "thickFog": "DEFAULT",
      "waterFog": "DEFAULT",
      "lavaFog": "DEFAULT",
      "powderSnowFog": "DEFAULT",
      "blindnessFog": "DEFAULT"
    },
    "terralith:snowy_badlands": {
      "skyFog": "DEFAULT",
      "terrainFog": "DEFAULT",
      "thickFog": "DEFAULT",
      "waterFog": "DEFAULT",
      "lavaFog": "DEFAULT",
      "powderSnowFog": "DEFAULT",
      "blindnessFog": "DEFAULT"
    },
    "minecraft:snowy_beach": {
      "skyFog": "DEFAULT",
      "terrainFog": "DEFAULT",
      "thickFog": "DEFAULT",
      "waterFog": "DEFAULT",
      "lavaFog": "DEFAULT",
      "powderSnowFog": "DEFAULT",
      "blindnessFog": "DEFAULT"
    },
    "terralith:snowy_maple_forest": {
      "skyFog": "DEFAULT",
      "terrainFog": "DEFAULT",
      "thickFog": "DEFAULT",
      "waterFog": "DEFAULT",
      "lavaFog": "DEFAULT",
      "powderSnowFog": "DEFAULT",
      "blindnessFog": "DEFAULT"
    },
    "minecraft:snowy_plains": {
      "skyFog": "DEFAULT",
      "terrainFog": "DEFAULT",
      "thickFog": "DEFAULT",
      "waterFog": "DEFAULT",
      "lavaFog": "DEFAULT",
      "powderSnowFog": "DEFAULT",
      "blindnessFog": "DEFAULT"
    },
    "terralith:snowy_shield": {
      "skyFog": "DEFAULT",
      "terrainFog": "DEFAULT",
      "thickFog": "DEFAULT",
      "waterFog": "DEFAULT",
      "lavaFog": "DEFAULT",
      "powderSnowFog": "DEFAULT",
      "blindnessFog": "DEFAULT"
    },
    "minecraft:snowy_slopes": {
      "skyFog": "DEFAULT",
      "terrainFog": "DEFAULT",
      "thickFog": "DEFAULT",
      "waterFog": "DEFAULT",
      "lavaFog": "DEFAULT",
      "powderSnowFog": "DEFAULT",
      "blindnessFog": "DEFAULT"
    },
    "minecraft:snowy_taiga": {
      "skyFog": "DEFAULT",
      "terrainFog": "DEFAULT",
      "thickFog": "DEFAULT",
      "waterFog": "DEFAULT",
      "lavaFog": "DEFAULT",
      "powderSnowFog": "DEFAULT",
      "blindnessFog": "DEFAULT"
    },
    "betternether:soul_plain": {
      "skyFog": "DEFAULT",
      "terrainFog": "DEFAULT",
      "thickFog": "DEFAULT",
      "waterFog": "DEFAULT",
      "lavaFog": "DEFAULT",
      "powderSnowFog": "DEFAULT",
      "blindnessFog": "DEFAULT"
    },
    "minecraft:soul_sand_valley": {
      "skyFog": "DEFAULT",
      "terrainFog": "DEFAULT",
      "thickFog": "DEFAULT",
      "waterFog": "DEFAULT",
      "lavaFog": "DEFAULT",
      "powderSnowFog": "DEFAULT",
      "blindnessFog": "DEFAULT"
    },
    "minecraft:sparse_jungle": {
      "skyFog": "DEFAULT",
      "terrainFog": "DEFAULT",
      "thickFog": "DEFAULT",
      "waterFog": "DEFAULT",
      "lavaFog": "DEFAULT",
      "powderSnowFog": "DEFAULT",
      "blindnessFog": "DEFAULT"
    },
    "terralith:steppe": {
      "skyFog": "DEFAULT",
      "terrainFog": "DEFAULT",
      "thickFog": "DEFAULT",
      "waterFog": "DEFAULT",
      "lavaFog": "DEFAULT",
      "powderSnowFog": "DEFAULT",
      "blindnessFog": "DEFAULT"
    },
    "minecraft:stony_peaks": {
      "skyFog": "DEFAULT",
      "terrainFog": "DEFAULT",
      "thickFog": "DEFAULT",
      "waterFog": "DEFAULT",
      "lavaFog": "DEFAULT",
      "powderSnowFog": "DEFAULT",
      "blindnessFog": "DEFAULT"
    },
    "minecraft:stony_shore": {
      "skyFog": "DEFAULT",
      "terrainFog": "DEFAULT",
      "thickFog": "DEFAULT",
      "waterFog": "DEFAULT",
      "lavaFog": "DEFAULT",
      "powderSnowFog": "DEFAULT",
      "blindnessFog": "DEFAULT"
    },
    "terralith:stony_spires": {
      "skyFog": "DEFAULT",
      "terrainFog": "DEFAULT",
      "thickFog": "DEFAULT",
      "waterFog": "DEFAULT",
      "lavaFog": "DEFAULT",
      "powderSnowFog": "DEFAULT",
      "blindnessFog": "DEFAULT"
    },
    "betterend:sulphur_springs": {
      "skyFog": "DEFAULT",
      "terrainFog": "DEFAULT",
      "thickFog": "DEFAULT",
      "waterFog": "DEFAULT",
      "lavaFog": "DEFAULT",
      "powderSnowFog": "DEFAULT",
      "blindnessFog": "DEFAULT"
    },
    "betternether:sulfuric_bone_reef": {
      "skyFog": "DEFAULT",
      "terrainFog": "DEFAULT",
      "thickFog": "DEFAULT",
      "waterFog": "DEFAULT",
      "lavaFog": "DEFAULT",
      "powderSnowFog": "DEFAULT",
      "blindnessFog": "DEFAULT"
    },
    "minecraft:sunflower_plains": {
      "skyFog": "DEFAULT",
      "terrainFog": "DEFAULT",
      "thickFog": "DEFAULT",
      "waterFog": "DEFAULT",
      "lavaFog": "DEFAULT",
      "powderSnowFog": "DEFAULT",
      "blindnessFog": "DEFAULT"
    },
    "minecraft:swamp": {
      "skyFog": "DEFAULT",
      "terrainFog": "DEFAULT",
      "thickFog": "DEFAULT",
      "waterFog": "DEFAULT",
      "lavaFog": "DEFAULT",
      "powderSnowFog": "DEFAULT",
      "blindnessFog": "DEFAULT"
    },
    "minecraft:taiga": {
      "skyFog": "DEFAULT",
      "terrainFog": "DEFAULT",
      "thickFog": "DEFAULT",
      "waterFog": "DEFAULT",
      "lavaFog": "DEFAULT",
      "powderSnowFog": "DEFAULT",
      "blindnessFog": "DEFAULT"
    },
    "terralith:temperate_highlands": {
      "skyFog": "DEFAULT",
      "terrainFog": "DEFAULT",
      "thickFog": "DEFAULT",
      "waterFog": "DEFAULT",
      "lavaFog": "DEFAULT",
      "powderSnowFog": "DEFAULT",
      "blindnessFog": "DEFAULT"
    },
    "minecraft:the_end": {
      "skyFog": "DEFAULT",
      "terrainFog": "DEFAULT",
      "thickFog": "DEFAULT",
      "waterFog": "DEFAULT",
      "lavaFog": "DEFAULT",
      "powderSnowFog": "DEFAULT",
      "blindnessFog": "DEFAULT"
    },
    "minecraft:the_void": {
      "skyFog": "DEFAULT",
      "terrainFog": "DEFAULT",
      "thickFog": "DEFAULT",
      "waterFog": "DEFAULT",
      "lavaFog": "DEFAULT",
      "powderSnowFog": "DEFAULT",
      "blindnessFog": "DEFAULT"
    },
    "terralith:cave/thermal_caves": {
      "skyFog": "DEFAULT",
      "terrainFog": "DEFAULT",
      "thickFog": "DEFAULT",
      "waterFog": "DEFAULT",
      "lavaFog": "DEFAULT",
      "powderSnowFog": "DEFAULT",
      "blindnessFog": "DEFAULT"
    },
    "terralith:tropical_jungle": {
      "skyFog": "DEFAULT",
      "terrainFog": "DEFAULT",
      "thickFog": "DEFAULT",
      "waterFog": "DEFAULT",
      "lavaFog": "DEFAULT",
      "powderSnowFog": "DEFAULT",
      "blindnessFog": "DEFAULT"
    },
    "terralith:cave/tuff_caves": {
      "skyFog": "DEFAULT",
      "terrainFog": "DEFAULT",
      "thickFog": "DEFAULT",
      "waterFog": "DEFAULT",
      "lavaFog": "DEFAULT",
      "powderSnowFog": "DEFAULT",
      "blindnessFog": "DEFAULT"
    },
    "betterend:umbra_valley": {
      "skyFog": "DEFAULT",
      "terrainFog": "DEFAULT",
      "thickFog": "DEFAULT",
      "waterFog": "DEFAULT",
      "lavaFog": "DEFAULT",
      "powderSnowFog": "DEFAULT",
      "blindnessFog": "DEFAULT"
    },
    "betterend:umbrella_jungle": {
      "skyFog": "DEFAULT",
      "terrainFog": "DEFAULT",
      "thickFog": "DEFAULT",
      "waterFog": "DEFAULT",
      "lavaFog": "DEFAULT",
      "powderSnowFog": "DEFAULT",
      "blindnessFog": "DEFAULT"
    },
    "betternether:upside_down_forest": {
      "skyFog": "DEFAULT",
      "terrainFog": "DEFAULT",
      "thickFog": "DEFAULT",
      "waterFog": "DEFAULT",
      "lavaFog": "DEFAULT",
      "powderSnowFog": "DEFAULT",
      "blindnessFog": "DEFAULT"
    },
    "terralith:valley_clearing": {
      "skyFog": "DEFAULT",
      "terrainFog": "DEFAULT",
      "thickFog": "DEFAULT",
      "waterFog": "DEFAULT",
      "lavaFog": "DEFAULT",
      "powderSnowFog": "DEFAULT",
      "blindnessFog": "DEFAULT"
    },
    "terralith:volcanic_crater": {
      "skyFog": "DEFAULT",
      "terrainFog": "DEFAULT",
      "thickFog": "DEFAULT",
      "waterFog": "DEFAULT",
      "lavaFog": "DEFAULT",
      "powderSnowFog": "DEFAULT",
      "blindnessFog": "DEFAULT"
    },
    "terralith:volcanic_peaks": {
      "skyFog": "DEFAULT",
      "terrainFog": "DEFAULT",
      "thickFog": "DEFAULT",
      "waterFog": "DEFAULT",
      "lavaFog": "DEFAULT",
      "powderSnowFog": "DEFAULT",
      "blindnessFog": "DEFAULT"
    },
    "minecraft:warm_ocean": {
      "skyFog": "DEFAULT",
      "terrainFog": "DEFAULT",
      "thickFog": "DEFAULT",
      "waterFog": "DEFAULT",
      "lavaFog": "DEFAULT",
      "powderSnowFog": "DEFAULT",
      "blindnessFog": "DEFAULT"
    },
    "terralith:warm_river": {
      "skyFog": "DEFAULT",
      "terrainFog": "DEFAULT",
      "thickFog": "DEFAULT",
      "waterFog": "DEFAULT",
      "lavaFog": "DEFAULT",
      "powderSnowFog": "DEFAULT",
      "blindnessFog": "DEFAULT"
    },
    "minecraft:warped_forest": {
      "skyFog": "DEFAULT",
      "terrainFog": "DEFAULT",
      "thickFog": "DEFAULT",
      "waterFog": "DEFAULT",
      "lavaFog": "DEFAULT",
      "powderSnowFog": "DEFAULT",
      "blindnessFog": "DEFAULT"
    },
    "terralith:warped_mesa": {
      "skyFog": "DEFAULT",
      "terrainFog": "DEFAULT",
      "thickFog": "DEFAULT",
      "waterFog": "DEFAULT",
      "lavaFog": "DEFAULT",
      "powderSnowFog": "DEFAULT",
      "blindnessFog": "DEFAULT"
    },
    "betternether:wart_forest": {
      "skyFog": "DEFAULT",
      "terrainFog": "DEFAULT",
      "thickFog": "DEFAULT",
      "waterFog": "DEFAULT",
      "lavaFog": "DEFAULT",
      "powderSnowFog": "DEFAULT",
      "blindnessFog": "DEFAULT"
    },
    "betternether:wart_forest_edge": {
      "skyFog": "DEFAULT",
      "terrainFog": "DEFAULT",
      "thickFog": "DEFAULT",
      "waterFog": "DEFAULT",
      "lavaFog": "DEFAULT",
      "powderSnowFog": "DEFAULT",
      "blindnessFog": "DEFAULT"
    },
    "terralith:white_cliffs": {
      "skyFog": "DEFAULT",
      "terrainFog": "DEFAULT",
      "thickFog": "DEFAULT",
      "waterFog": "DEFAULT",
      "lavaFog": "DEFAULT",
      "powderSnowFog": "DEFAULT",
      "blindnessFog": "DEFAULT"
    },
    "terralith:white_mesa": {
      "skyFog": "DEFAULT",
      "terrainFog": "DEFAULT",
      "thickFog": "DEFAULT",
      "waterFog": "DEFAULT",
      "lavaFog": "DEFAULT",
      "powderSnowFog": "DEFAULT",
      "blindnessFog": "DEFAULT"
    },
    "minecraft:windswept_forest": {
      "skyFog": "DEFAULT",
      "terrainFog": "DEFAULT",
      "thickFog": "DEFAULT",
      "waterFog": "DEFAULT",
      "lavaFog": "DEFAULT",
      "powderSnowFog": "DEFAULT",
      "blindnessFog": "DEFAULT"
    },
    "minecraft:windswept_gravelly_hills": {
      "skyFog": "DEFAULT",
      "terrainFog": "DEFAULT",
      "thickFog": "DEFAULT",
      "waterFog": "DEFAULT",
      "lavaFog": "DEFAULT",
      "powderSnowFog": "DEFAULT",
      "blindnessFog": "DEFAULT"
    },
    "minecraft:windswept_hills": {
      "skyFog": "DEFAULT",
      "terrainFog": "DEFAULT",
      "thickFog": "DEFAULT",
      "waterFog": "DEFAULT",
      "lavaFog": "DEFAULT",
      "powderSnowFog": "DEFAULT",
      "blindnessFog": "DEFAULT"
    },
    "minecraft:windswept_savanna": {
      "skyFog": "DEFAULT",
      "terrainFog": "DEFAULT",
      "thickFog": "DEFAULT",
      "waterFog": "DEFAULT",
      "lavaFog": "DEFAULT",
      "powderSnowFog": "DEFAULT",
      "blindnessFog": "DEFAULT"
    },
    "terralith:windswept_spires": {
      "skyFog": "DEFAULT",
      "terrainFog": "DEFAULT",
      "thickFog": "DEFAULT",
      "waterFog": "DEFAULT",
      "lavaFog": "DEFAULT",
      "powderSnowFog": "DEFAULT",
      "blindnessFog": "DEFAULT"
    },
    "terralith:wintry_forest": {
      "skyFog": "DEFAULT",
      "terrainFog": "DEFAULT",
      "thickFog": "DEFAULT",
      "waterFog": "DEFAULT",
      "lavaFog": "DEFAULT",
      "powderSnowFog": "DEFAULT",
      "blindnessFog": "DEFAULT"
    },
    "minecraft:wooded_badlands": {
      "skyFog": "DEFAULT",
      "terrainFog": "DEFAULT",
      "thickFog": "DEFAULT",
      "waterFog": "DEFAULT",
      "lavaFog": "DEFAULT",
      "powderSnowFog": "DEFAULT",
      "blindnessFog": "DEFAULT"
    },
    "terralith:yellowstone": {
      "skyFog": "DEFAULT",
      "terrainFog": "DEFAULT",
      "thickFog": "DEFAULT",
      "waterFog": "DEFAULT",
      "lavaFog": "DEFAULT",
      "powderSnowFog": "DEFAULT",
      "blindnessFog": "DEFAULT"
    },
    "terralith:yosemite_cliffs": {
      "skyFog": "DEFAULT",
      "terrainFog": "DEFAULT",
      "thickFog": "DEFAULT",
      "waterFog": "DEFAULT",
      "lavaFog": "DEFAULT",
      "powderSnowFog": "DEFAULT",
      "blindnessFog": "DEFAULT"
    },
    "terralith:yosemite_lowlands": {
      "skyFog": "DEFAULT",
      "terrainFog": "DEFAULT",
      "thickFog": "DEFAULT",
      "waterFog": "DEFAULT",
      "lavaFog": "DEFAULT",
      "powderSnowFog": "DEFAULT",
      "blindnessFog": "DEFAULT"
    },
    "ae2:spatial_storage": {
      "skyFog": "DEFAULT",
      "terrainFog": "DEFAULT",
      "thickFog": "DEFAULT",
      "waterFog": "DEFAULT",
      "lavaFog": "DEFAULT",
      "powderSnowFog": "DEFAULT",
      "blindnessFog": "DEFAULT"
    },
    "agape:empty_space": {
      "skyFog": "DEFAULT",
      "terrainFog": "DEFAULT",
      "thickFog": "DEFAULT",
      "waterFog": "DEFAULT",
      "lavaFog": "DEFAULT",
      "powderSnowFog": "DEFAULT",
      "blindnessFog": "DEFAULT"
    },
    "agape:europa_ocean_deep": {
      "skyFog": "DEFAULT",
      "terrainFog": "DEFAULT",
      "thickFog": "DEFAULT",
      "waterFog": "DEFAULT",
      "lavaFog": "DEFAULT",
      "powderSnowFog": "DEFAULT",
      "blindnessFog": "DEFAULT"
    },
    "agape:europa_surface_ground": {
      "skyFog": "DEFAULT",
      "terrainFog": "DEFAULT",
      "thickFog": "DEFAULT",
      "waterFog": "DEFAULT",
      "lavaFog": "DEFAULT",
      "powderSnowFog": "DEFAULT",
      "blindnessFog": "DEFAULT"
    },
    "agape:ganymede_ground": {
      "skyFog": "DEFAULT",
      "terrainFog": "DEFAULT",
      "thickFog": "DEFAULT",
      "waterFog": "DEFAULT",
      "lavaFog": "DEFAULT",
      "powderSnowFog": "DEFAULT",
      "blindnessFog": "DEFAULT"
    },
    "agape:io_ground": {
      "skyFog": "DEFAULT",
      "terrainFog": "DEFAULT",
      "thickFog": "DEFAULT",
      "waterFog": "DEFAULT",
      "lavaFog": "DEFAULT",
      "powderSnowFog": "DEFAULT",
      "blindnessFog": "DEFAULT"
    },
    "agape:mars_plains": {
      "skyFog": "DEFAULT",
      "terrainFog": "DEFAULT",
      "thickFog": "DEFAULT",
      "waterFog": "DEFAULT",
      "lavaFog": "DEFAULT",
      "powderSnowFog": "DEFAULT",
      "blindnessFog": "DEFAULT"
    },
    "agape:mercury_plain": {
      "skyFog": "DEFAULT",
      "terrainFog": "DEFAULT",
      "thickFog": "DEFAULT",
      "waterFog": "DEFAULT",
      "lavaFog": "DEFAULT",
      "powderSnowFog": "DEFAULT",
      "blindnessFog": "DEFAULT"
    },
    "agape:titan_ground": {
      "skyFog": "DEFAULT",
      "terrainFog": "DEFAULT",
      "thickFog": "DEFAULT",
      "waterFog": "DEFAULT",
      "lavaFog": "DEFAULT",
      "powderSnowFog": "DEFAULT",
      "blindnessFog": "DEFAULT"
    },
    "minecraft:deep_warm_ocean": {
      "skyFog": "DEFAULT",
      "terrainFog": "DEFAULT",
      "thickFog": "DEFAULT",
      "waterFog": "DEFAULT",
      "lavaFog": "DEFAULT",
      "powderSnowFog": "DEFAULT",
      "blindnessFog": "DEFAULT"
    },
    "mining_dims:hunting_dim_plains": {
      "skyFog": "DEFAULT",
      "terrainFog": "DEFAULT",
      "thickFog": "DEFAULT",
      "waterFog": "DEFAULT",
      "lavaFog": "DEFAULT",
      "powderSnowFog": "DEFAULT",
      "blindnessFog": "DEFAULT"
    },
    "spectrum:deeper_down_biome": {
      "skyFog": "DEFAULT",
      "terrainFog": "DEFAULT",
      "thickFog": "DEFAULT",
      "waterFog": "DEFAULT",
      "lavaFog": "DEFAULT",
      "powderSnowFog": "DEFAULT",
      "blindnessFog": "DEFAULT"
    },
    "terralith:cave/crystal_caves": {
      "skyFog": "DEFAULT",
      "terrainFog": "DEFAULT",
      "thickFog": "DEFAULT",
      "waterFog": "DEFAULT",
      "lavaFog": "DEFAULT",
      "powderSnowFog": "DEFAULT",
      "blindnessFog": "DEFAULT"
    },
    "terralith:cave/deep_caves": {
      "skyFog": "DEFAULT",
      "terrainFog": "DEFAULT",
      "thickFog": "DEFAULT",
      "waterFog": "DEFAULT",
      "lavaFog": "DEFAULT",
      "powderSnowFog": "DEFAULT",
      "blindnessFog": "DEFAULT"
    },
    "terralith:cave/infested_caves": {
      "skyFog": "DEFAULT",
      "terrainFog": "DEFAULT",
      "thickFog": "DEFAULT",
      "waterFog": "DEFAULT",
      "lavaFog": "DEFAULT",
      "powderSnowFog": "DEFAULT",
      "blindnessFog": "DEFAULT"
    }
  }
}