{
  "performVersionCheck": true,
  "origins": {
    "libra:curse_shulk": {
      "enabled": true,
      "origins:no_shield": true,
      "libra:shulk_curse_slow": true,
      "libra:curse_bad_luck": true,
      "libra:curse_cure": true,
      "libra:curse_death_remove": true,
      "libra:curse_tablet_use": true,
      "libra:curse_tablet_reiteration": true,
      "libra:curse_reiteration_create": true
    },
    "origins:elytrian": {
      "enabled": true,
      "origins:elytra": true,
      "origins:launch_into_air": true,
      "origins:aerial_combatant": true,
      "origins:light_armor": true,
      "origins:claustrophobia": true,
      "origins:more_kinetic_damage": true
    },
    "genesis:crystalline": {
      "enabled": true
    },
    "grounded_origins:deer": {
      "enabled": true,
      "origins:vegetarian": true,
      "grounded_origins:deer/forest_native": true,
      "grounded_origins:deer/berry_good": true,
      "grounded_origins:deer/oh_deer": true,
      "grounded_origins:deer/lightweight": true,
      "grounded_origins:deer/springed_step": true,
      "grounded_origins:deer/hooved_grace": true,
      "grounded_origins:deer/deer_skin": true
    },
    "genesis:dragonkin": {
      "enabled": true,
      "genesis:dragonkin/fireball": true,
      "genesis:dragonkin/dragon_flight": true,
      "genesis:dragonkin/launch": true,
      "genesis:dragonkin/dragon_scales": true,
      "genesis:dragonkin/dragon_fireball": true,
      "genesis:dragonkin/grounded": true,
      "genesis:dragonkin/carnivore": true,
      "genesis:dragonkin/immunity": false,
      "origins:ender_particles": true
    },
    "libra:libra_arachnid": {
      "enabled": true,
      "origins:climbing": true,
      "origins:master_of_webs": true,
      "origins:carnivore": true,
      "origins:fragile": true,
      "origins:arthropod": true,
      "libra:arachnid_callback": true,
      "libra:arachnid_fangs": true,
      "libra:arachnid_disgusting": true,
      "libra:arachnid_taunt": true
    },
    "origins:blazeborn": {
      "enabled": false,
      "origins:fire_immunity": true,
      "origins:nether_spawn": true,
      "origins:burning_wrath": true,
      "origins:hotblooded": true,
      "origins:water_vulnerability": true,
      "origins:flame_particles": true,
      "origins:damage_from_snowballs": true,
      "origins:damage_from_potions": true
    },
    "origins-classes:farmer": {
      "enabled": true,
      "origins-classes:more_crop_drops": true,
      "origins-classes:better_bone_meal": true
    },
    "extraorigins:floran": {
      "enabled": true,
      "extraorigins:green_thumb": true,
      "extraorigins:photosynthesis": true,
      "extraorigins:absorbing": true,
      "extraorigins:flammable": true,
      "extraorigins:nectarivore": true
    },
    "grounded_origins:beach_crab": {
      "enabled": true,
      "grounded_origins:beach_crab/home": true,
      "grounded_origins:beach_crab/rave": true,
      "grounded_origins:beach_crab/krusty": true,
      "grounded_origins:beach_crab/legs_n_chelipeds": true,
      "grounded_origins:beach_crab/crawler": true,
      "grounded_origins:beach_crab/pincers": true,
      "grounded_origins:beach_crab/shell": true,
      "grounded_origins:beach_crab/crustacean_gills": true,
      "grounded_origins:beach_crab/kelpomaniac": true,
      "origins:aqua_affinity": true,
      "origins:no_shield": true,
      "grounded_origins:beach_crab/crab_skin": true
    },
    "libra:wolf": {
      "enabled": true,
      "origins:carnivore": true,
      "libra:wolf_damage_down": true,
      "libra:wolf_health": true,
      "libra:wolf_callback": true,
      "libra:wolf_taunt": true,
      "libra:wolf_pack_attack": true,
      "libra:wolf_dog_vision": true,
      "libra:wolf_ticks": true,
      "libra:wolf_bonus_a": true,
      "libra:wolf_projectiles": true,
      "libra:wolf_alpha_chestplate": true,
      "libra:wolf_primary_active": true
    },
    "grounded_origins:penguin": {
      "enabled": true,
      "grounded_origins:penguin/happy_feet": true,
      "grounded_origins:penguin/cold_embrace": true,
      "grounded_origins:penguin/belly_sledding": true,
      "origins:fragile": true,
      "grounded_origins:penguin/fuzzy_fur": true,
      "grounded_origins:penguin/aquatic_diet": true,
      "grounded_origins:penguin/webbed_feet": true,
      "grounded_origins:penguin/aquatic_lunge": true,
      "grounded_origins:penguin/fish_hunter": true,
      "grounded_origins:penguin/penguin_skin": true
    },
    "dac:baker": {
      "enabled": true,
      "dac:more_bread": true,
      "dac:professional_baker": true
    },
    "libra:blessing_revenant": {
      "enabled": true,
      "libra:blessing_luck": true,
      "libra:blessing_timer": true,
      "libra:blessing_resource_duration": true,
      "libra:blessing_revenant": true,
      "libra:curse_tablet_use": true,
      "libra:curse_reiteration_create": true
    },
    "libra:libra_human": {
      "enabled": true,
      "libra:human_callback": true,
      "libra:human_monster_hunter": true,
      "libra:human_monster_hunter_projectiles": true,
      "libra:human_resilient": true,
      "libra:human_health": true,
      "libra:human_fast": true,
      "libra:human_taunt": true
    },
    "mythical_origins:elf": {
      "enabled": false,
      "mythical_origins:born_in_the_trees": true,
      "mythical_origins:evolved_eyes": true,
      "mythical_origins:forest_magic": true,
      "mythical_origins:leaf_speed": true,
      "mythical_origins:miniture": true,
      "mythical_origins:strong_legs": true,
      "mythical_origins:weak_bones": true,
      "origins:vegetarian": true
    },
    "genesis:ghastling": {
      "enabled": true,
      "genesis:ghastling/fireball": true,
      "origins:more_exhaustion": true,
      "genesis:ghastling/gaseous": true,
      "genesis:ghastling/aghast": true,
      "genesis:ghastling/bloated": true
    },
    "libra:curse_covid": {
      "enabled": true,
      "libra:curse_covid_weakness": true,
      "libra:covid_curse_timer": true,
      "libra:covid_curse_contagion": true,
      "libra:curse_bad_luck": true,
      "libra:curse_cure": true,
      "libra:curse_death_remove": true,
      "libra:curse_tablet_use": true,
      "libra:curse_tablet_reiteration": true,
      "libra:curse_reiteration_create": true
    },
    "origins-classes:blacksmith": {
      "enabled": false,
      "origins-classes:quality_equipment": false,
      "origins-classes:efficient_repairs": false
    },
    "origins-classes:nitwit": {
      "enabled": true
    },
    "origins:enderian": {
      "enabled": true,
      "origins:throw_ender_pearl": true,
      "origins:water_vulnerability": true,
      "origins:pumpkin_hate": true,
      "origins:extra_reach": true,
      "origins:ender_particles": true,
      "origins:damage_from_potions": true
    },
    "libra:curse_avian": {
      "enabled": true,
      "libra:avian_curse_timer": true,
      "libra:avian_curse_slowfall": true,
      "libra:curse_bad_luck": true,
      "libra:curse_cure": true,
      "libra:curse_death_remove": true,
      "libra:curse_tablet_use": true,
      "libra:curse_tablet_reiteration": true,
      "libra:curse_reiteration_create": true
    },
    "libra:libra_feline": {
      "enabled": true,
      "origins:fall_immunity": true,
      "origins:sprint_jump": true,
      "origins:velvet_paws": true,
      "origins:nine_lives": true,
      "origins:scare_creepers": true,
      "origins:cat_vision": true,
      "libra:feline_callback": true,
      "libra:feline_resource_lives": true,
      "libra:feline_nine_lives": true,
      "libra:feline_flip_trigger": true,
      "libra:feline_resource_flipping": true,
      "libra:feline_flip_iframes": true,
      "libra:feline_resource_mine": true,
      "libra:feline_weak_arms": true,
      "libra:feline_mine_tick_timer": true,
      "libra:feline_taunt": true
    },
    "mythical_origins:werewolf": {
      "enabled": true,
      "mythical_origins:werewolf_activate": true,
      "mythical_origins:darkness_vision": false,
      "mythical_origins:moon_strength": true,
      "mythical_origins:overwhelming_heat": true,
      "mythical_origins:transform": true,
      "mythical_origins:weak_knees": true,
      "origins:carnivore": true,
      "mythical_origins:silver_sharpness": true,
      "mythical_origins:weak_human_body": true,
      "mythical_origins:untrained": true,
      "mythical_origins:blood_thirst": true,
      "mythical_origins:healthmod": true
    },
    "libra:libra_wolf": {
      "enabled": true,
      "origins:carnivore": true,
      "libra:wolf_damage_down": true,
      "libra:wolf_health": true,
      "libra:libra_wolf_callback": true,
      "libra:wolf_taunt": true,
      "libra:wolf_pack_attack": true,
      "libra:wolf_ticks_alpha": true,
      "libra:wolf_bonus_b": true,
      "libra:wolf_projectiles": true,
      "libra:wolf_upgrade": true,
      "libra:wolf_upgrade_diamond": true,
      "libra:wolf_upgrade_dire": true,
      "libra:wolf_upgrade_greater_dire": true,
      "libra:wolf_upgrade_netherite": true,
      "libra:wolf_upgrade_self": true,
      "libra:wolf_alpha_chestplate": true,
      "libra:wolf_primary_active": true,
      "libra:wolf_secondary_active": true
    },
    "genesis:golem": {
      "enabled": false,
      "genesis:golem/ironskin": true,
      "genesis:golem/forceful": true,
      "genesis:golem/colossus": true,
      "genesis:golem/food/hungryiron": true,
      "genesis:golem/clumsy": true,
      "genesis:golem/bulkydiamond": true,
      "genesis:golem/bulkyiron": true,
      "genesis:golem/bulkygold": true,
      "genesis:golem/bulkynetherite": true,
      "genesis:golem/steadfast": true,
      "genesis:golem/bigman": true,
      "genesis:golem/more_knockback": true,
      "genesis:golem/heavy": true,
      "genesis:golem/increased_size": true,
      "genesis:golem/throw": true,
      "genesis:golem/strong": true,
      "genesis:golem/food/hungrygold": true,
      "genesis:golem/food/raw_hungry": true,
      "genesis:golem/food/hungrynether": true,
      "genesis:golem/food/no_food": true,
      "genesis:golem/food/ironfood": true,
      "genesis:golem/reach": true,
      "genesis:golem/unwieldy": true,
      "genesis:golem/village_spawn": true,
      "genesis:golem/food/eat_iron_nugget": true,
      "genesis:golem/food/eat_gold_nugget": true,
      "genesis:golem/food/eat_scrap": true,
      "genesis:golem/food/eat_nether_block": true,
      "genesis:golem/food/eat_iron_block": true,
      "genesis:golem/food/eat_gold_block": true,
      "genesis:golem/food/copper_food": true
    },
    "dac:wandering_trader": {
      "enabled": true,
      "dac:morning_deliveries": true,
      "dac:elder_experience": true
    },
    "origins:phantom": {
      "enabled": false,
      "origins:phantomize": true,
      "origins:translucent": true,
      "origins:phasing": true,
      "origins:invisibility": true,
      "origins:burn_in_daylight": true,
      "origins:hunger_over_time": true,
      "origins:fragile": true,
      "origins:phantomize_overlay": true
    },
    "origins-classes:beastmaster": {
      "enabled": true,
      "origins-classes:tamed_animal_boost": true,
      "origins-classes:tamed_potion_diffusal": true
    },
    "libra:blessing_necromancer": {
      "enabled": true,
      "libra:necro/blessing/mana": true,
      "libra:necro/blessing/shield_summon": true,
      "libra:necro/blessing/evict": true,
      "libra:blessing_luck": true,
      "libra:blessing_timer": true,
      "libra:blessing_resource_duration": true,
      "libra:blessing_death_remove": true,
      "libra:curse_tablet_use": true,
      "libra:curse_reiteration_create": true
    },
    "mythical_origins:dragon": {
      "enabled": false,
      "mystic_origins:sturdy_scales": true,
      "mystic_origins:resistant_skin": true,
      "mystic_origins:reborn_magic": true,
      "mystic_origins:uncomfortable_armor": true,
      "mystic_origins:sharp_claws": true,
      "origins:no_shield": true,
      "mystic_origins:exhausting_heat": true,
      "mystic_origins:wings": true,
      "origins:carnivore": true,
      "origins:water_vulnerability": true
    },
    "libra:curse_phantom": {
      "enabled": false,
      "libra:phantom_curse_phase": true,
      "libra:phantom_curse_hunger": true,
      "libra:phantom_curse_pain": true,
      "libra:curse_bad_luck": true,
      "libra:curse_cure": true,
      "libra:curse_death_remove": true,
      "libra:curse_tablet_use": true,
      "libra:curse_tablet_reiteration": true,
      "libra:curse_reiteration_create": true
    },
    "origins:avian": {
      "enabled": true,
      "origins:slow_falling": true,
      "origins:fresh_air": true,
      "origins:like_air": true,
      "origins:tailwind": true,
      "origins:lay_eggs": true,
      "origins:vegetarian": true
    },
    "libra:blessing_sylvan": {
      "enabled": true,
      "libra:blessing_luck": true,
      "libra:blessing_timer": true,
      "libra:blessing_resource_duration": true,
      "libra:blessing_death_remove": true,
      "libra:blessing_sylvan_crop": true,
      "libra:curse_tablet_use": true,
      "libra:curse_reiteration_create": true
    },
    "libra:blessing_charisma": {
      "enabled": true,
      "libra:blessing_luck": true,
      "libra:blessing_timer": true,
      "libra:blessing_resource_duration": true,
      "libra:blessing_death_remove": true,
      "libra:blessing_charisma": true,
      "libra:blessing_charisma_tanky": true,
      "libra:curse_tablet_use": true,
      "libra:curse_reiteration_create": true
    },
    "libra:curse_giant": {
      "enabled": true,
      "libra:curse_giant_more_hongry": true,
      "libra:curse_giant_callback": true,
      "libra:curse_bad_luck": true,
      "libra:curse_cure": true,
      "libra:curse_death_remove": true,
      "libra:curse_tablet_use": true,
      "libra:curse_tablet_reiteration": true,
      "libra:curse_reiteration_create": true
    },
    "libra:libra_blazeborn": {
      "enabled": false,
      "origins:fire_immunity": true,
      "origins:nether_spawn": true,
      "origins:burning_wrath": true,
      "origins:hotblooded": true,
      "origins:water_vulnerability": true,
      "origins:flame_particles": true,
      "origins:damage_from_snowballs": true,
      "origins:damage_from_potions": true,
      "libra:blazeborn_callback": true,
      "libra:blazeborn_resource_hover": true,
      "libra:blazeborn_resource_hovering": true,
      "libra:blazeborn_hover_ticks": true,
      "libra:blazeborn_hover_hop": true,
      "libra:blazeborn_burnt_wrath": true,
      "libra:blazeborn_nether_swim": true,
      "libra:blazeborn_nether_lava_vision": true,
      "libra:blazeborn_taunt": true
    },
    "voyager:voyager": {
      "enabled": true,
      "voyager:main": true,
      "voyager:health": true,
      "voyager:crafting": true,
      "voyager:dash": true,
      "voyager:magical_landing": true,
      "voyager:natural_protection": true,
      "voyager:inability": true,
      "voyager:sleep": true,
      "voyager:death": true,
      "voyager:appetite": true,
      "voyager:upgrade": true,
      "voyager:upgrade_particles": true,
      "voyager:power_particles": true
    },
    "extraorigins:piglin": {
      "enabled": false,
      "extraorigins:all_that_glitters": true,
      "extraorigins:piglin_neutrality": true,
      "extraorigins:crossbow_master": true,
      "origins:nether_spawn": true,
      "extraorigins:homesick": true,
      "origins:carnivore": true,
      "extraorigins:flabby": true,
      "extraorigins:soul_spooked": true
    },
    "mythical_origins:mermaid": {
      "enabled": true,
      "origins:aqua_affinity": true,
      "origins:no_shield": true,
      "mythical_origins:amphibious": true,
      "mythical_origins:enhanced_swimming": true,
      "mythical_origins:flammable": true,
      "mythical_origins:no_legs": true,
      "mythical_origins:ocean_home": false,
      "mythical_origins:trident_grip": true,
      "mythical_origins:vegetarian": true,
      "mythical_origins:water_sight": true,
      "origins:aquatic": true,
      "origins:like_water": true,
      "mythical_origins:soft_scales": true
    },
    "ratsmischief:rat": {
      "enabled": true
    },
    "libra:blessing_constitution": {
      "enabled": true,
      "libra:blessing_luck": true,
      "libra:blessing_timer": true,
      "libra:blessing_resource_duration": true,
      "libra:blessing_death_remove": true,
      "libra:blessing_constitution": true,
      "libra:blessing_constitution_hit": true,
      "libra:curse_tablet_use": true,
      "libra:curse_reiteration_create": true
    },
    "origins:shulk": {
      "enabled": true,
      "origins:shulker_inventory": true,
      "origins:natural_armor": true,
      "origins:strong_arms": true,
      "origins:strong_arms_break_speed": true,
      "origins:no_shield": true,
      "origins:more_exhaustion": true
    },
    "libra:curse_libra": {
      "enabled": true,
      "libra:libra_curse_timer": true,
      "libra:curse_bad_luck": true,
      "libra:curse_cure": true,
      "libra:curse_death_remove": true,
      "libra:curse_tablet_use": true,
      "libra:curse_tablet_reiteration": true,
      "libra:curse_reiteration_create": true
    },
    "libra:curse_arachnid": {
      "enabled": true,
      "libra:arachnid_curse_timer": true,
      "libra:arachnid_curse_blind": true,
      "libra:curse_bad_luck": true,
      "libra:curse_cure": true,
      "libra:curse_death_remove": true,
      "libra:curse_tablet_use": true,
      "libra:curse_tablet_reiteration": true,
      "libra:curse_reiteration_create": true
    },
    "origins:merling": {
      "enabled": false,
      "origins:water_breathing": true,
      "origins:water_vision": true,
      "origins:aqua_affinity": true,
      "origins:swim_speed": true,
      "origins:like_water": true,
      "origins:aquatic": true,
      "origins:conduit_power_on_land": true,
      "origins:air_from_potions": true
    },
    "extraorigins:inchling": {
      "enabled": true,
      "extraorigins:bite_sized": true,
      "extraorigins:nimble": true,
      "extraorigins:small_appetite": true,
      "origins:climbing": true,
      "extraorigins:jockey": true
    },
    "libra:curse_merling": {
      "enabled": true,
      "origins:water_breathing": true,
      "origins:air_from_potions": true,
      "libra:curse_bad_luck": true,
      "libra:merling_curse_water_damage": true,
      "libra:curse_cure": true,
      "libra:curse_death_remove": true,
      "libra:curse_tablet_use": true,
      "libra:curse_tablet_reiteration": true,
      "libra:curse_reiteration_create": true
    },
    "libra:curse_nature": {
      "enabled": true,
      "libra:curse_nature": true,
      "libra:curse_bad_luck": true,
      "libra:curse_cure": true,
      "libra:curse_death_remove": true,
      "libra:curse_tablet_use": true,
      "libra:curse_tablet_reiteration": true,
      "libra:curse_reiteration_create": true
    },
    "libra:blessing_hexblade": {
      "enabled": true,
      "libra:blessing_luck": true,
      "libra:blessing_timer": true,
      "libra:blessing_resource_duration": true,
      "libra:blessing_death_remove": true,
      "libra:blessing_resource_hexblade": true,
      "libra:blessing_hexblade_protection": true,
      "libra:blessing_hexblade_barrier_hit": true,
      "libra:curse_tablet_use": true,
      "libra:curse_reiteration_create": true
    },
    "dac:butcher": {
      "enabled": true,
      "dac:better_meat": true,
      "dac:favourite_tool": true
    },
    "origins-classes:warrior": {
      "enabled": true,
      "origins-classes:more_attack_damage": true,
      "origins-classes:less_shield_slowdown": true
    },
    "origins-classes:explorer": {
      "enabled": true,
      "origins-classes:explorer_kit": true,
      "origins-classes:no_sprint_exhaustion": true
    },
    "voyager:infused_voyager": {
      "enabled": true,
      "voyager:main_upgraded": true,
      "voyager:advanced_health": true,
      "voyager:crafting": true,
      "voyager:blast_of_magic": true,
      "voyager:advanced_dash": true,
      "voyager:leap": true,
      "voyager:regenerative": true,
      "voyager:magical_landing": true,
      "voyager:natural_protection": true,
      "voyager:inability": true,
      "voyager:sleep_upgraded": true,
      "voyager:death_upgraded": true,
      "voyager:appetite": true,
      "voyager:upgrade_particles": true,
      "voyager:power_particles": true
    },
    "libra:curse_dwarf": {
      "enabled": true,
      "libra:curse_dwarf_weak": true,
      "libra:curse_dwarf_callback": true,
      "libra:curse_bad_luck": true,
      "libra:curse_cure": true,
      "libra:curse_death_remove": true,
      "libra:curse_tablet_use": true,
      "libra:curse_tablet_reiteration": true,
      "libra:curse_reiteration_create": true
    },
    "libra:curse_feline": {
      "enabled": true,
      "origins:weak_arms": true,
      "libra:curse_bad_luck": true,
      "libra:curse_cure": true,
      "libra:curse_death_remove": true,
      "libra:curse_tablet_use": true,
      "libra:curse_tablet_reiteration": true,
      "libra:curse_reiteration_create": true
    },
    "libra:libra_phantom": {
      "enabled": false,
      "origins:phantomize": true,
      "origins:translucent": true,
      "origins:phasing": true,
      "origins:invisibility": true,
      "libra:phantom_invis_in_dark": true,
      "origins:burn_in_daylight": true,
      "origins:hunger_over_time": true,
      "origins:fragile": true,
      "origins:fall_immunity": true,
      "libra:phantom_callback": true,
      "libra:phantom_taunt": true,
      "origins:phantomize_overlay": true
    },
    "origins-classes:rancher": {
      "enabled": true,
      "origins-classes:twin_breeding": true,
      "origins-classes:more_animal_loot": true
    },
    "libra:blessing_humanity": {
      "enabled": true,
      "libra:blessing_luck": true,
      "libra:blessing_timer": true,
      "libra:blessing_resource_duration": true,
      "libra:blessing_death_remove": true,
      "libra:blessing_humanity_damage": true,
      "libra:blessing_humanity_damage_projectile": true,
      "libra:blessing_humanity_health": true,
      "libra:blessing_humanity_resistance": true,
      "libra:blessing_humanity_speed": true,
      "libra:curse_tablet_use": true,
      "libra:curse_reiteration_create": true
    },
    "libra:blessing_dexterity": {
      "enabled": true,
      "libra:blessing_luck": true,
      "libra:blessing_timer": true,
      "libra:blessing_resource_duration": true,
      "libra:blessing_death_remove": true,
      "libra:blessing_dexterity_callback": true,
      "libra:blessing_dexterity_speed": true,
      "origins:fall_immunity": true,
      "libra:curse_tablet_use": true,
      "libra:curse_reiteration_create": true
    },
    "libra:curse_elytrian": {
      "enabled": true,
      "origins:light_armor": true,
      "libra:curse_bad_luck": true,
      "libra:curse_cure": true,
      "libra:curse_death_remove": true,
      "libra:curse_tablet_use": true,
      "libra:curse_tablet_reiteration": true,
      "libra:curse_reiteration_create": true
    },
    "origins-classes:miner": {
      "enabled": true,
      "origins-classes:more_stone_break_speed": true,
      "origins-classes:no_mining_exhaustion": true
    },
    "libra:blessing_bladeborn": {
      "enabled": true,
      "libra:blessing_luck": true,
      "libra:blessing_timer": true,
      "libra:blessing_resource_duration": true,
      "libra:blessing_death_remove": true,
      "libra:blessing_bladeborn_fast_hands": true,
      "libra:blessing_bladeborn_dull_axes": true,
      "libra:curse_tablet_use": true,
      "libra:curse_reiteration_create": true
    },
    "origins-classes:cook": {
      "enabled": true,
      "origins-classes:better_crafted_food": true,
      "origins-classes:more_smoker_xp": true
    },
    "libra:curse_villager": {
      "enabled": true,
      "libra:curse_villager_melee": true,
      "libra:curse_villager_projectiles": true,
      "libra:curse_cure": true,
      "libra:curse_death_remove": true,
      "libra:curse_tablet_use": true,
      "libra:curse_tablet_reiteration": true,
      "libra:curse_reiteration_create": true
    },
    "libra:curse_breathing_land": {
      "enabled": true,
      "libra:breathing/twisted_lungs_water": true,
      "libra:breathing/manual_breathing": true,
      "libra:breathing/land_air_damage": true,
      "origins:water_breathing": true,
      "libra:curse_bad_luck": true,
      "libra:curse_cure": true,
      "libra:curse_death_remove": true,
      "libra:curse_tablet_use": true,
      "libra:curse_tablet_reiteration": true,
      "libra:curse_reiteration_create": true
    },
    "libra:curse_breathing": {
      "enabled": true,
      "libra:breathing/twisted_lungs": true,
      "libra:breathing/manual_breathing": true,
      "libra:breathing/land_air_damage": true,
      "libra:curse_bad_luck": true,
      "libra:curse_cure": true,
      "libra:curse_death_remove": true,
      "libra:curse_tablet_use": true,
      "libra:curse_tablet_reiteration": true,
      "libra:curse_reiteration_create": true
    },
    "genesis:arcanite": {
      "enabled": true,
      "genesis:arcanite/scholar": true,
      "genesis:arcanite/eldritch_talent": true,
      "genesis:arcanite/mana": true,
      "genesis:arcanite/magicman": true,
      "genesis:arcanite/weak": true,
      "genesis:arcanite/filler_regen": true,
      "genesis:arcanite/filler_fireball": true,
      "genesis:arcanite/filler_lightning": true,
      "genesis:arcanite/filler_wither": true,
      "genesis:arcanite/enchant_particles": true,
      "genesis:arcanite/more_projectile_damage": true,
      "genesis:arcanite/more_wither_damage": true,
      "genesis:arcanite/mana_change": true,
      "genesis:arcanite/mana_wither": true,
      "genesis:arcanite/mana_respawn": true,
      "genesis:arcanite/mana_regen": true,
      "genesis:arcanite/fire_immune": false,
      "genesis:arcanite/mana_lightning": true,
      "genesis:arcanite/mana_area_regen": true,
      "genesis:arcanite/lightning_immune": true,
      "genesis:arcanite/toggle": true,
      "genesis:arcanite/advancements": true,
      "genesis:arcanite/flight": true
    },
    "libra:curse_witchling": {
      "enabled": true,
      "libra:curse_witchling": true,
      "libra:curse_bad_luck": true,
      "libra:curse_cure": true,
      "libra:curse_death_remove": true,
      "libra:curse_tablet_use": true,
      "libra:curse_tablet_reiteration": true,
      "libra:curse_reiteration_create": true
    },
    "genesis:quartz": {
      "enabled": true
    },
    "libra:libra_elytrian": {
      "enabled": true,
      "origins:elytra": true,
      "origins:launch_into_air": true,
      "origins:aerial_combatant": true,
      "origins:light_armor": true,
      "libra:elytrian_gunpowder": true,
      "libra:elytrian_paper": true,
      "libra:elytrian_callback": true,
      "libra:elytrian_steel_wing_trigger": true,
      "libra:elytrian_steel_wing_taunt": true
    },
    "libra:curse_pride": {
      "enabled": true,
      "libra:curse_pride": true,
      "libra:curse_bad_luck": true,
      "libra:curse_cure": true,
      "libra:curse_death_remove": true,
      "libra:curse_tablet_use": true,
      "libra:curse_tablet_reiteration": true,
      "libra:curse_reiteration_create": true
    },
    "libra:curse_none": {
      "enabled": true,
      "libra:curse_apply": true,
      "libra:curse_reiteration_create": true,
      "libra:no_curse_tablet_use": true
    },
    "libra:libra_avian": {
      "enabled": true,
      "origins:slow_falling": true,
      "origins:fresh_air": true,
      "origins:like_air": true,
      "origins:tailwind": true,
      "origins:lay_eggs": true,
      "origins:vegetarian": true,
      "libra:avian_callback": true,
      "libra:avian_resource_momentum": true,
      "libra:avian_resource_soaring": true,
      "libra:avian_momentum_ticks": true,
      "libra:avian_soar_jump": true,
      "libra:avian_soar": true,
      "libra:avian_golden_yolk": true,
      "libra:avian_momentum_speed": true,
      "libra:avian_taunt": true
    },
    "origins-classes:rogue": {
      "enabled": true,
      "origins-classes:sneaky": true,
      "origins-classes:stealth": true,
      "origins-classes:stealth_descriptor": true
    },
    "mythical_origins:fairy": {
      "enabled": false,
      "origins:fresh_air": true,
      "origins:hotblooded": true,
      "origins:light_armor": true,
      "mythical_origins:bug_sized": true,
      "mythical_origins:forest_strength": true,
      "mythical_origins:transparent": true,
      "mythical_origins:mini_heart": true,
      "mythical_origins:small_wings": true,
      "mythical_origins:magic_pockets": true
    },
    "origins:feline": {
      "enabled": true,
      "origins:fall_immunity": true,
      "origins:sprint_jump": true,
      "origins:velvet_paws": true,
      "origins:nine_lives": true,
      "origins:weak_arms": true,
      "origins:scare_creepers": true,
      "origins:cat_vision": true
    },
    "genesis:amethyst": {
      "enabled": true
    },
    "libra:libra_enderian": {
      "enabled": true,
      "origins:throw_ender_pearl": true,
      "origins:water_vulnerability": true,
      "origins:pumpkin_hate": true,
      "origins:extra_reach": true,
      "origins:ender_particles": true,
      "origins:damage_from_potions": true,
      "libra:enderian_rage_on_hit": true,
      "libra:enderian_callback": true,
      "libra:enderian_resource_rage": true,
      "libra:enderian_resource_raging": true,
      "libra:enderian_rage_tick_timer": true,
      "libra:enderian_rage_speed": true,
      "libra:enderian_rage_damage": true,
      "libra:enderian_trigger_rage": true,
      "libra:enderian_taunt": true
    },
    "origins-classes:merchant": {
      "enabled": true,
      "origins-classes:trade_availability": true,
      "origins-classes:rare_wandering_loot": true
    },
    "origins-classes:archer": {
      "enabled": true,
      "origins-classes:no_projectile_divergence": true,
      "origins-classes:less_bow_slowdown": true
    },
    "grounded_origins:moth": {
      "enabled": true,
      "grounded_origins:moth/insect": true,
      "grounded_origins:moth/winged": true,
      "grounded_origins:moth/flutter": true,
      "grounded_origins:moth/pollinator": false,
      "grounded_origins:moth/fibrous_diet": true,
      "grounded_origins:moth/nectar_production": false,
      "grounded_origins:moth/four_arms": true,
      "grounded_origins:moth/water_vulnerability": true,
      "grounded_origins:moth/flammable": true,
      "grounded_origins:moth/phototactic": false,
      "grounded_origins:moth/nocturnal": true,
      "origins:vegetarian": true,
      "grounded_origins:moth/moth_skin": true
    },
    "genesis:silverfish": {
      "enabled": false,
      "genesis:silverfish/burrow": true,
      "genesis:silverfish/silverfriend": true,
      "genesis:silverfish/silverteam": true,
      "genesis:silverfish/infest": true,
      "genesis:silverfish/insect": true,
      "genesis:silverfish/nocturnal": true,
      "genesis:silverfish/squishy": true,
      "genesis:silverfish/night_vision": true,
      "genesis:silverfish/leave_team": true,
      "genesis:silverfish/silver": true,
      "genesis:silverfish/silver_resource": true,
      "genesis:silverfish/cave_spawn": true
    },
    "libra:curse_myconoid": {
      "enabled": true,
      "libra:curse_myconoid_vision": true,
      "libra:curse_myconoid_blind": true,
      "libra:curse_myconoid_echolocate": true,
      "libra:curse_cure": true,
      "libra:curse_death_remove": true,
      "libra:curse_tablet_use": true,
      "libra:curse_tablet_reiteration": true,
      "libra:curse_reiteration_create": true
    },
    "libra:curse_blazeborn": {
      "enabled": false,
      "origins:water_vulnerability": true,
      "libra:blazeborn_curse_water_breathing": true,
      "libra:curse_bad_luck": true,
      "libra:curse_cure": true,
      "libra:curse_death_remove": true,
      "libra:curse_tablet_use": true,
      "libra:curse_tablet_reiteration": true,
      "libra:curse_reiteration_create": true
    },
    "origins:human": {
      "enabled": true
    },
    "origins-classes:lumberjack": {
      "enabled": true,
      "origins-classes:tree_felling": false,
      "origins-classes:more_planks_from_logs": true
    },
    "libra:libra": {
      "enabled": true,
      "libra:librall/libra_callback": true,
      "libra:librall/libra_primary_active": true,
      "libra:librall/libra_secondary_active": true,
      "libra:librall/libra_crysalys": true,
      "libra:librall/libra_tablet_use": true,
      "libra:librall/libra_tablet_craft": true,
      "libra:librall/libra_passives": true,
      "libra:librall/libra_bless": true,
      "libra:librall/libra_curse": true,
      "libra:aa_hi_merle_one_subfolder_lol": true
    },
    "origins-classes:cleric": {
      "enabled": true,
      "origins-classes:longer_potions": true,
      "origins-classes:better_enchanting": false
    },
    "libra:curse_enderian": {
      "enabled": true,
      "origins:pumpkin_hate": true,
      "libra:enderian_curse_onhit": true,
      "libra:curse_bad_luck": true,
      "libra:curse_cure": true,
      "libra:curse_death_remove": true,
      "libra:curse_tablet_use": true,
      "libra:curse_tablet_reiteration": true,
      "libra:curse_reiteration_create": true
    },
    "libra:libra_merling": {
      "enabled": true,
      "origins:water_breathing": true,
      "origins:water_vision": true,
      "origins:aqua_affinity": true,
      "origins:swim_speed": true,
      "origins:like_water": true,
      "origins:aquatic": true,
      "origins:conduit_power_on_land": true,
      "libra:merling_air_from_potions": true,
      "libra:merling_callback": true,
      "libra:merling_rain_damage": true,
      "libra:merling_dash": true,
      "libra:merling_heart_of_sea": true,
      "libra:merling_stormcaller": true,
      "libra:merling_taunt": true
    },
    "origins:arachnid": {
      "enabled": true,
      "origins:climbing": true,
      "origins:master_of_webs": true,
      "origins:carnivore": true,
      "origins:fragile": true,
      "origins:arthropod": true
    },
    "libra:blessing_enderian": {
      "enabled": true,
      "libra:blessing_luck": true,
      "libra:blessing_timer": true,
      "libra:blessing_resource_duration": true,
      "libra:blessing_death_remove": true,
      "libra:blessing_enderian_parry": true,
      "libra:blessing_enderian_parry_hit": true,
      "libra:blessing_enderian_resource": true,
      "libra:blessing_enderian_resource_parrying": true,
      "libra:blessing_enderian_iframes": true,
      "libra:curse_tablet_use": true,
      "libra:curse_reiteration_create": true
    },
    "libra:libra_shulk": {
      "enabled": true,
      "origins:shulker_inventory": true,
      "origins:natural_armor": true,
      "origins:strong_arms": true,
      "origins:strong_arms_break_speed": true,
      "origins:no_shield": true,
      "origins:more_exhaustion": true,
      "libra:shulk_callback": true,
      "libra:shulk_hiding": true,
      "libra:shulk_resource_hiding": true,
      "libra:shulk_hide_tick_timer": true,
      "libra:shulk_hiding_trigger": true,
      "libra:shulk_bonk": true,
      "libra:shulk_bonk_self": true,
      "libra:shulk_shielded_weakness": true,
      "libra:shulk_hide_shell": true,
      "libra:shulk_taunt": true,
      "libra:shulk_hide_kbres": true,
      "libra:shulk_shielded_nojump": true,
      "libra:shulk_hide_projectiles": true,
      "libra:shulk_shielded_slowness": true,
      "libra:shulk_closed_vision": true
    },
    "extraorigins:truffle": {
      "enabled": true,
      "extraorigins:magic_spores": true,
      "extraorigins:infestation": true,
      "extraorigins:rooted": true,
      "extraorigins:decomposition": true
    },
    "libra:curse_golem": {
      "enabled": true,
      "libra:golem/colossus": true,
      "libra:golem/food/hungryiron": true,
      "libra:golem/heavy": true,
      "libra:golem/food/hungrygold": true,
      "libra:golem/food/hungrynether": true,
      "libra:golem/food/no_food": true,
      "libra:golem/food/eat_iron_nugget": true,
      "libra:golem/food/eat_gold_nugget": true,
      "libra:golem/food/eat_scrap": true,
      "libra:golem/food/eat_nether_block": true,
      "libra:golem/food/eat_iron_block": true,
      "libra:golem/food/eat_gold_block": true,
      "libra:curse_bad_luck": true,
      "libra:curse_cure": true,
      "libra:curse_death_remove": true,
      "libra:curse_tablet_use": true,
      "libra:curse_tablet_reiteration": true,
      "libra:curse_reiteration_create": true
    },
    "genesis:emerald": {
      "enabled": true
    },
    "lank:iron_golem": {
      "enabled": true,
      "lank:more_health": true,
      "lank:automaton": true,
      "lank:no_regen": true,
      "lank:toss": true,
      "lank:toss_toggle": true,
      "lank:village_affininty": true,
      "lank:iron_healing": true,
      "lank:sturdy_legs": true,
      "origins:no_shield": true,
      "lank:heavy": true
    },
    "lank:zombified": {
      "enabled": false,
      "lank:undead": true,
      "lank:burn_in_daylight": true,
      "lank:drown": true,
      "lank:natural_armor": true
    },
    "lank:vamp": {
      "enabled": true,
      "lank:no_regen": true,
      "lank:vampirism": true,
      "lank:undead": true,
      "lank:drown": true,
      "lank:burn_in_daylight": true,
      "origins:cat_vision": false,
      "lank:pillager_aligned": true,
      "lank:blood_meter": true,
      "lank:blood_reset": true,
      "lank:strenght": true,
      "lank:bat_form": true,
      "lank:bat_bool": true,
      "lank:bat_drain": true,
      "lank:bat_flight": true,
      "lank:bat_power": true,
      "lank:tag": true,
      "lank:shadow_dash": true,
      "lank:shadow_bool": true,
      "lank:shadow_power": true
    },
    "lank:fairy": {
      "enabled": false,
      "lank:fairy_wings": true,
      "lank:flight_toggle": true,
      "lank:forager": true,
      "lank:exhaust": true,
      "lank:small": true,
      "lank:fragile": true,
      "lank:mining_speed": true,
      "origins:vegetarian": true,
      "origins:weak_arms": true,
      "lank:bee_rider": true,
      "lank:weak_arms": true
    },
    "jump:platformer": {
      "enabled": true,
      "jump:better_jumping": true,
      "jump:dash": true,
      "jump:can_dash": true,
      "jump:can_double_jump": true,
      "jump:arodynamic": true,
      "jump:sturdy_legs": true,
      "jump:less_damage": true
    },
    "cham:chameleon": {
      "enabled": true,
      "cham:cham_invis": true,
      "cham:cham_size": true,
      "origins:climbing": true,
      "origins:fall_immunity": true,
      "origins:fresh_air": true,
      "origins:extra_reach": true,
      "origins:carnivore": true,
      "cham:cham_natarmor": true
    },
    "monke:monkey": {
      "enabled": true,
      "monke:monke_grapple": true,
      "monke:monke_climb": true,
      "monke:monke_size": true,
      "origins:tailwind": true,
      "peng:extra_jump": true,
      "monke:monke_stamina": true,
      "monke:staminarefill": true,
      "monke:monke_velocity": true,
      "monke:staminawaste": true,
      "monke:staminawaste2": true,
      "monke:monke_drown": true,
      "monke:monke_lunge": true,
      "monke:monke_frhand": true
    },
    "rr:roadrunner": {
      "enabled": true,
      "rr:rr_fast": true,
      "rr:rr_speed": true,
      "rr:rr_noslow": true,
      "rr:rr_hunger": true,
      "rr:rr_low": true,
      "rr:rr_noswim": true,
      "rr:rr_waterhover": true,
      "rr:rr_nobow": true
    },
    "rept:reptilian": {
      "enabled": true,
      "rept:rept_freeze": true,
      "rept:rept_natarmor": true,
      "origins:tailwind": true,
      "rept:rept_size": true,
      "origins:no_shield": true,
      "origins:more_exhaustion": true,
      "rept:rept_poison": true,
      "rept:rept_immune": true,
      "rept:rept_nonfreeze": true
    },
    "kang:kangaroo": {
      "enabled": true,
      "kang:kang_pouch": true,
      "kang:kang_longjump": true,
      "origins:tailwind": true,
      "origins:vegetarian": true,
      "kang:kang_dodge": true,
      "kang:kang_nobow": true,
      "kang:kang_health": true,
      "origins:fall_immunity": true
    },
    "peng:penguin": {
      "enabled": false,
      "peng:peng_swimspeed": true,
      "peng:peng_waterbreath": true,
      "peng:hunter_vision": true,
      "peng:pescetarian": true,
      "peng:peng_size": true,
      "peng:peng_slide": true,
      "peng:heat": true,
      "peng:ice_speed": true,
      "peng:toggle": true,
      "peng:peng_health": true,
      "peng:extra_jump": true
    },
    "witcher:witcher": {
      "enabled": true,
      "witcher:neutral/witcher_journal": true,
      "witcher:buffs/witcher_silver_swords": true,
      "witcher:buffs/witcher_steel_swords": true,
      "witcher:abilities/multidirectionaldash": true,
      "witcher:abilities/selection_wheel": true,
      "witcher:abilities/quen": true,
      "witcher:abilities/axii_resource": true,
      "witcher:abilities/aard_resource": true,
      "witcher:abilities/igni_resource": true,
      "witcher:abilities/yrden_resource": true,
      "witcher:abilities/quen_resource": true,
      "witcher:armour/armour_crafting": true,
      "witcher:neutral/armour_block": true,
      "witcher:buffs/remove_impeded": true,
      "witcher:buffs/witcher_materials": true,
      "witcher:buffs/witcher_blade_oil": true,
      "witcher:buffs/blade_oil_check": true,
      "witcher:buffs/witcher_alchemy": true,
      "witcher:buffs/meditate": true,
      "witcher:buffs/harvest_campfire": true,
      "witcher:abilities/refreshment": true,
      "witcher:neutral/toxicity": true,
      "witcher:neutral/toxicity_check": true,
      "witcher:neutral/lethality": true,
      "witcher:potion_effects/white_honey": true,
      "witcher:contracts/new_contract_cooldown": true,
      "witcher:contracts/new_contract": true,
      "witcher:contracts/trade_contract_cooldown": true,
      "witcher:contracts/trade_contract": true,
      "witcher:contracts/use_report": true,
      "witcher:trophies/trophy_check": true,
      "witcher:trophies/trophy_turn_in": true,
      "witcher:trophies/bonus_loot": true,
      "witcher:debuffs/no_shields": true,
      "witcher:debuffs/light_armor": true,
      "witcher:debuffs/light_armor_tag": true,
      "witcher:debuffs/slower_mining": true,
      "witcher:debuffs/portal_sickness": true,
      "witcher:debuffs/magic_damage": true,
      "witcher:weapons/zireael_teleport": false,
      "witcher:weapons/iris_check": true,
      "witcher:weapons/whirl_attack": true,
      "witcher:weapons/whirl_defense": true,
      "witcher:weapons/aerondight_resource": true,
      "witcher:weapons/winters_blade_freeze": true,
      "witcher:weapons/winters_blade_blizzard": true,
      "witcher:armour/kaer_morhen_bonus": true,
      "witcher:armour/grandmaster_kaer_morhen_bonus": true,
      "witcher:potion_effects/swallow_drink": true,
      "witcher:potion_effects/cat_drink": true,
      "witcher:potion_effects/cat_effect": true,
      "witcher:potion_effects/blizzard_drink": true,
      "witcher:potion_effects/blizzard_effect": true,
      "witcher:potion_effects/thunderbolt_drink": true,
      "witcher:potion_effects/thunderbolt_effect": true,
      "witcher:potion_effects/black_blood_drink": true,
      "witcher:potion_effects/black_blood_effect": true,
      "witcher:potion_effects/full_moon_drink": true,
      "witcher:potion_effects/full_moon_effect": true,
      "witcher:potion_effects/maribor_forest_drink": true
    }
  }
}