{
  "showInfoTooltips": true,
  "infoTooltipKeyBind": "SHIFT",
  "slowEatingLargeSandwiches": true,
  "baseSandwichEatTime": 32,
  "itemOptions": {
      "knives": [
          {
              "itemId": "sandwichable:stone_kitchen_knife",
              "value": 1,
              "sharpness": 132
          },
          {
              "itemId": "sandwichable:kitchen_knife",
              "value": 3,
              "sharpness": 850
          },
          {
              "itemId": "sandwichable:golden_kitchen_knife",
              "value": 5,
              "sharpness": 225
          },
          {
              "itemId": "sandwichable:diamond_kitchen_knife",
              "value": 8,
              "sharpness": 1025
          },
          {
              "itemId": "sandwichable:netherite_kitchen_knife",
              "value": 20,
              "sharpness": 1984
          },
          {
              "itemId": "sandwichable:glass_kitchen_knife",
              "value": 1,
              "sharpness": 0
          }
      ],
      "saltItem": "bewitchment:salt",
      "cucumberItem": "sandwichable:cucumber",
      "pickledCucumberItem": "sandwichable:pickled_cucumber",
      "burntFoodItem": "sandwichable:burnt_food",
      "burntMorselItem": "sandwichable:burnt_morsel"
  },
  "saltySandGenOptions": {
      "rarity": 18,
      "veinSize": 5,
      "maxGenHeight": 128
  },
  "shrubGenOptions": {
      "spawnTries": 10
  },
  "saltPoolGenOptions": {
      "saltPools": true,
      "drySaltPools": true
  }
}