{
  "monsters_can_warden_sense": true,
  "monster_sensing_range": 32,
  "creeper_doesnt_stop": true,
  "creeper_always_charged": true,
  "creeper_explodes_faster": true,
  "creeper_attacks_villagers": false,
  "creeper_attacks_irongolems": true,
  "creeper_blowsup_door": false,
  "creeper_power": 3,
  "ghast_fire_power": 3,
  "ghast_attacks_villagers": false,
  "zombies_break_door": 70,
  "zombies_dont_burn": false,
  "zombies_enchanted_more": 40.0,
  "zombies_better_gear": true,
  "zombies_runners": true,
  "zombiepiglin_onsight": false,
  "zombiepiglin_attacks_villagers": false,
  "skeletons_enchanted_more": 30.0,
  "skeletons_attacks_villagers": false,
  "skeletons_dont_burn": false,
  "enderman_always_attack": false,
  "enderman_attacks_villagers": false,
  "spider_always_attack": false,
  "spider_attacks_villagers": true,
  "spider_always_jockeys": true,
  "phantoms_always_spawn": false,
  "blaze_attacks_villagers": true,
  "blaze_always_onfire": true,
  "magma_render_onfire": false,
  "magma_onfire": true,
  "endermite_attacks_villagers": true,
  "shulker_attacks_villagers": true,
  "silverfish_attacks_villagers": true,
  "slimes_attacks_villagers": true,
  "vex_attacks_villagers": false,
  "wither_attacks_villagers": false
}