{
  "configVersion": 1,
  "fishing": {
    "enabled": true
  },
  "blobsGenerations": {
    "scaldingVolcanicStoneInJungle": {
      "enable": true,
      "size": 7,
      "repeat": 6,
      "minOffset": 30,
      "maxOffset": 64,
      "minBelowTop": false,
      "maxAboveBottom": false
    },
    "carmineStone": {
      "enable": true,
      "size": 15,
      "repeat": 11,
      "minOffset": 0,
      "maxOffset": 128,
      "minBelowTop": false,
      "maxAboveBottom": false
    },
    "mossyCarmineStone": {
      "enable": false,
      "size": 20,
      "repeat": 15,
      "minOffset": 0,
      "maxOffset": 128,
      "minBelowTop": false,
      "maxAboveBottom": false
    },
    "mudInJungle": {
      "enable": true,
      "size": 8,
      "repeat": 5,
      "minOffset": 32,
      "maxOffset": 80,
      "minBelowTop": false,
      "maxAboveBottom": false
    },
    "sporeyCarmineStone": {
      "enable": false,
      "size": 5,
      "repeat": 15,
      "minOffset": 0,
      "maxOffset": 128,
      "minBelowTop": false,
      "maxAboveBottom": false
    },
    "mossyStone": {
      "enable": false,
      "size": 25,
      "repeat": 13,
      "minOffset": 0,
      "maxOffset": 128,
      "minBelowTop": false,
      "maxAboveBottom": false
    },
    "mariniteStone": {
      "enable": true,
      "size": 11,
      "repeat": 10,
      "minOffset": -10,
      "maxOffset": 70,
      "minBelowTop": false,
      "maxAboveBottom": false
    },
    "greenGranite": {
      "enable": true,
      "size": 11,
      "repeat": 3,
      "minOffset": -15,
      "maxOffset": 40,
      "minBelowTop": false,
      "maxAboveBottom": false
    },
    "swampStone": {
      "enable": true,
      "size": 14,
      "repeat": 5,
      "minOffset": 30,
      "maxOffset": 80,
      "minBelowTop": false,
      "maxAboveBottom": false
    },
    "darkStone": {
      "enable": true,
      "size": 15,
      "repeat": 4,
      "minOffset": -20,
      "maxOffset": 10,
      "minBelowTop": false,
      "maxAboveBottom": false
    },
    "limestone": {
      "enable": true,
      "size": 11,
      "repeat": 10,
      "minOffset": 0,
      "maxOffset": 50,
      "minBelowTop": false,
      "maxAboveBottom": false
    },
    "pumice": {
      "enable": true,
      "size": 15,
      "repeat": 6,
      "minOffset": 0,
      "maxOffset": 50,
      "minBelowTop": false,
      "maxAboveBottom": false
    },
    "jasper": {
      "enable": true,
      "size": 12,
      "repeat": 5,
      "minOffset": 0,
      "maxOffset": 50,
      "minBelowTop": false,
      "maxAboveBottom": false
    },
    "undergroundSand": {
      "enable": false,
      "size": 33,
      "repeat": 20,
      "minOffset": 0,
      "maxOffset": 128,
      "minBelowTop": false,
      "maxAboveBottom": false
    },
    "undergroundSandstone": {
      "enable": false,
      "size": 33,
      "repeat": 20,
      "minOffset": 0,
      "maxOffset": 128,
      "minBelowTop": false,
      "maxAboveBottom": false
    },
    "dryMoss": {
      "enable": false,
      "size": 20,
      "repeat": 10,
      "minOffset": 0,
      "maxOffset": 64,
      "minBelowTop": false,
      "maxAboveBottom": false
    },
    "gravelInDeserts": {
      "enable": true,
      "size": 12,
      "repeat": 8,
      "minOffset": 0,
      "maxOffset": 128,
      "minBelowTop": false,
      "maxAboveBottom": false
    },
    "scaldingSandstone": {
      "enable": true,
      "size": 6,
      "repeat": 3,
      "minOffset": 30,
      "maxOffset": 80,
      "minBelowTop": false,
      "maxAboveBottom": false
    },
    "undergroundRedSand": {
      "enable": false,
      "size": 33,
      "repeat": 20,
      "minOffset": 0,
      "maxOffset": 128,
      "minBelowTop": false,
      "maxAboveBottom": false
    },
    "undergroundRedSandstone": {
      "enable": false,
      "size": 33,
      "repeat": 20,
      "minOffset": 0,
      "maxOffset": 128,
      "minBelowTop": false,
      "maxAboveBottom": false
    },
    "scaldingStone": {
      "enable": true,
      "size": 5,
      "repeat": 9,
      "minOffset": -55,
      "maxOffset": -30,
      "minBelowTop": false,
      "maxAboveBottom": false
    },
    "undergroundIce": {
      "enable": false,
      "size": 13,
      "repeat": 5,
      "minOffset": -30,
      "maxOffset": 10,
      "minBelowTop": false,
      "maxAboveBottom": false
    },
    "undergroundPackedIce": {
      "enable": false,
      "size": 10,
      "repeat": 5,
      "minOffset": -30,
      "maxOffset": 10,
      "minBelowTop": false,
      "maxAboveBottom": false
    },
    "undergroundSnow": {
      "enable": false,
      "size": 33,
      "repeat": 20,
      "minOffset": 0,
      "maxOffset": 128,
      "minBelowTop": false,
      "maxAboveBottom": false
    },
    "undergroundBlueIce": {
      "enable": false,
      "size": 16,
      "repeat": 5,
      "minOffset": 0,
      "maxOffset": 128,
      "minBelowTop": false,
      "maxAboveBottom": false
    },
    "undergroundPowderedSnow": {
      "enable": false,
      "size": 20,
      "repeat": 15,
      "minOffset": 0,
      "maxOffset": 128,
      "minBelowTop": false,
      "maxAboveBottom": false
    },
    "glacialStone": {
      "enable": true,
      "size": 5,
      "repeat": 5,
      "minOffset": 0,
      "maxOffset": 48,
      "minBelowTop": false,
      "maxAboveBottom": false
    },
    "saltOre": {
      "enable": false,
      "size": 6,
      "repeat": 15,
      "minOffset": 0,
      "maxOffset": 64,
      "minBelowTop": false,
      "maxAboveBottom": false
    },
    "mixedOre": {
      "enable": true,
      "size": 6,
      "repeat": 8,
      "minOffset": -30,
      "maxOffset": 40,
      "minBelowTop": false,
      "maxAboveBottom": false
    },
    "saltpeterOre": {
      "enable": false,
      "size": 6,
      "repeat": 6,
      "minOffset": 0,
      "maxOffset": 32,
      "minBelowTop": false,
      "maxAboveBottom": false
    },
    "mud": {
      "enable": true,
      "size": 9,
      "repeat": 5,
      "minOffset": 40,
      "maxOffset": 64,
      "minBelowTop": false,
      "maxAboveBottom": false
    },
    "volcanicAsh": {
      "enable": true,
      "size": 12,
      "repeat": 10,
      "minOffset": 80,
      "maxOffset": 155,
      "minBelowTop": false,
      "maxAboveBottom": false
    },
    "volcanicStone": {
      "enable": true,
      "size": 10,
      "repeat": 7,
      "minOffset": 80,
      "maxOffset": 155,
      "minBelowTop": false,
      "maxAboveBottom": false
    },
    "netherSaltOre": {
      "enable": false,
      "size": 12,
      "repeat": 10,
      "minOffset": 0,
      "maxOffset": 0,
      "minBelowTop": true,
      "maxAboveBottom": true
    },
    "netherCoalOre": {
      "enable": false,
      "size": 12,
      "repeat": 10,
      "minOffset": 0,
      "maxOffset": 0,
      "minBelowTop": true,
      "maxAboveBottom": true
    },
    "taigaStone": {
      "enable": false,
      "size": 33,
      "repeat": 15,
      "minOffset": 0,
      "maxOffset": 128,
      "minBelowTop": false,
      "maxAboveBottom": false
    }
  },
  "featureGenerations": {
    "caveFeatures": {
      "redstoneCrystalPatchEnabled": true,
      "spiderSackPatchEnabled": true,
      "rocksPatchEnabled": true,
      "glowKelpPatch": {
        "enable": true,
        "tries": 5,
        "repeat": 3,
        "yMinBottom": 10,
        "yMax": 32
      },
      "prismarineCluster": {
        "enable": true,
        "tries": 25,
        "spread": 6,
        "rarity": 4
      }
    },
    "oceanFeatures": {
      "redSeaGrassPatch": {
        "enable": true,
        "tries": 56,
        "rarity": 6
      },
      "clamPatch": {
        "enable": true,
        "tries": 41,
        "rarity": 17
      },
      "sandDollarPatch": {
        "enable": true,
        "tries": 40,
        "rarity": 25
      },
      "starfishPatch": {
        "enable": true,
        "tries": 39,
        "rarity": 30
      },
      "seaFernPatch": {
        "enable": true,
        "tries": 50,
        "rarity": 10
      },
      "seaUrchinPatch": {
        "enable": true,
        "tries": 40,
        "rarity": 32
      },
      "tubeWormPatch": {
        "enable": true,
        "tries": 45,
        "rarity": 23
      },
      "anPinkPatch": {
        "enable": true,
        "tries": 33,
        "rarity": 80
      },
      "anPurplePatch": {
        "enable": true,
        "tries": 43,
        "rarity": 80
      },
      "anYellowPatch": {
        "enable": true,
        "tries": 40,
        "rarity": 80
      },
      "anGreenPatch": {
        "enable": true,
        "tries": 38,
        "rarity": 80
      },
      "anOrangePatch": {
        "enable": true,
        "tries": 41,
        "rarity": 80
      },
      "scallopPatch": {
        "enable": true,
        "tries": 33,
        "rarity": 30
      }
    },
    "netherFeatures": {
      "soulSporecapPatch": {
        "enable": true,
        "tries": 32,
        "rarity": 1
      },
      "rootedWatcherPatch": {
        "enable": true,
        "tries": 24,
        "rarity": 3
      },
      "rootedWatcherCrimsonPatch": {
        "enable": true,
        "tries": 15,
        "rarity": 2
      },
      "taintedWartPatch": {
        "enable": true,
        "tries": 30,
        "rarity": 1
      }
    },
    "plantFeatures": {
      "wheatPatch": {
        "enable": true,
        "tries": 60,
        "rarity": 70
      },
      "carrotPatch": {
        "enable": true,
        "tries": 60,
        "rarity": 70
      },
      "beetPatch": {
        "enable": true,
        "tries": 60,
        "rarity": 70
      },
      "potatoPatch": {
        "enable": true,
        "tries": 60,
        "rarity": 70
      },
      "willowPatch": {
        "enable": true,
        "tries": 50,
        "rarity": 12
      },
      "ribbonPatch": {
        "enable": true,
        "tries": 50,
        "rarity": 12
      },
      "orangeFernPatch": {
        "enable": true,
        "tries": 60,
        "rarity": 12
      },
      "orangeBeautyPatch": {
        "enable": true,
        "tries": 60,
        "rarity": 12
      },
      "dahliaPatch": {
        "enable": true,
        "tries": 30,
        "rarity": 10
      },
      "lavenderPatch": {
        "enable": true,
        "tries": 45,
        "rarity": 10
      },
      "sorrelPatch": {
        "enable": true,
        "tries": 60,
        "rarity": 25
      },
      "dandelionPatch": {
        "enable": true,
        "tries": 50,
        "rarity": 15
      },
      "herbPatch": {
        "enable": true,
        "tries": 40,
        "rarity": 60
      },
      "taprootPatch": {
        "enable": true,
        "tries": 40,
        "rarity": 60
      },
      "crocusPatch": {
        "enable": true,
        "tries": 60,
        "rarity": 20
      },
      "hollyPatch": {
        "enable": true,
        "tries": 40,
        "rarity": 45
      },
      "morelPatch": {
        "enable": true,
        "tries": 50,
        "rarity": 20
      },
      "bushPatch": {
        "enable": true,
        "tries": 14,
        "rarity": 3
      },
      "sproutPatch": {
        "enable": true,
        "tries": 25,
        "rarity": 7
      },
      "boxwoodPatch": {
        "enable": true,
        "tries": 40,
        "rarity": 25
      },
      "jungleCapPatch": {
        "enable": true,
        "tries": 60,
        "rarity": 12
      },
      "panPatch": {
        "enable": true,
        "tries": 40,
        "rarity": 20
      },
      "swampBushPatch": {
        "enable": true,
        "tries": 13,
        "rarity": 3
      },
      "rockPatch": {
        "enable": true,
        "tries": 7,
        "rarity": 4
      },
      "snowPatch": {
        "enable": true,
        "tries": 7,
        "rarity": 4
      },
      "snowRockPatch": {
        "enable": true,
        "tries": 7,
        "rarity": 4
      },
      "rosePatch": {
        "enable": true,
        "tries": 30,
        "rarity": 40
      },
      "honeyClusterPatch": {
        "enable": true,
        "tries": 50,
        "rarity": 15
      },
      "lilacPatch": {
        "enable": true,
        "tries": 20,
        "rarity": 50
      },
      "peonyPatch": {
        "enable": true,
        "tries": 40,
        "rarity": 50
      },
      "tumblePatch": {
        "enable": true,
        "tries": 20,
        "rarity": 5
      },
      "floweringCactusPatch": {
        "enable": true,
        "tries": 40,
        "rarity": 10
      },
      "cactusPatch": {
        "enable": true,
        "tries": 10,
        "rarity": 20
      },
      "alivePatch": {
        "enable": true,
        "tries": 20,
        "rarity": 4
      },
      "bitterPatch": {
        "enable": true,
        "tries": 40,
        "rarity": 20
      },
      "tomatoPatch": {
        "enable": true,
        "tries": 40,
        "rarity": 30
      },
      "sourPatch": {
        "enable": true,
        "tries": 50,
        "rarity": 15
      },
      "reedPatch": {
        "enable": true,
        "tries": 20,
        "rarity": 2
      }
    },
    "trees": {
      "appleTreeEnabled": true
    }
  },
  "mobs": {
    "bearSpawn": {
      "enable": false,
      "weight": 5,
      "minGroupSize": 1,
      "maxGroupSize": 2
    },
    "duckSpawn": {
      "enable": false,
      "weight": 5,
      "minGroupSize": 1,
      "maxGroupSize": 3
    },
    "fireEelSpawn": {
      "enable": true,
      "weight": 5,
      "minGroupSize": 1,
      "maxGroupSize": 2
    },
    "perchSpawn": {
      "enable": true,
      "weight": 5,
      "minGroupSize": 2,
      "maxGroupSize": 4
    },
    "minnowSpawn": {
      "enable": true,
      "weight": 4,
      "minGroupSize": 2,
      "maxGroupSize": 5
    },
    "sardineSpawn": {
      "enable": true,
      "weight": 4,
      "minGroupSize": 2,
      "maxGroupSize": 5
    },
    "redPorgySpawn": {
      "enable": true,
      "weight": 4,
      "minGroupSize": 2,
      "maxGroupSize": 4
    }
  },
  "misc": {
    "foodEffectsEnabled": true,
    "spiderEggWebGenEnabled": true,
    "scaldingBurn": "ALL"
  }
}