{"aglet":{"x":1,"y":132,"halign":"LEFT","valign":"TOP","enabled":true},"face":{"x":1,"y":106,"halign":"LEFT","valign":"TOP","enabled":true},"charm":{"x":0,"y":80,"halign":"LEFT","valign":"TOP","enabled":false},"belt":{"x":1,"y":67,"halign":"LEFT","valign":"TOP","enabled":true},"ring":{"x":14,"y":158,"halign":"LEFT","valign":"TOP","enabled":true},"glove":{"x":1,"y":158,"halign":"LEFT","valign":"TOP","enabled":true},"back":{"x":1,"y":80,"halign":"LEFT","valign":"TOP","enabled":true},"hat":{"x":1,"y":54,"halign":"LEFT","valign":"TOP","enabled":true},"necklace":{"x":1,"y":119,"halign":"LEFT","valign":"TOP","enabled":true},"cape":{"x":1,"y":93,"halign":"LEFT","valign":"TOP","enabled":true},"shoes":{"x":1,"y":145,"halign":"LEFT","valign":"TOP","enabled":true}}