{
  "config": {
    "targets": [
      {
        "target": {
          "tag": "minecraft:stone_ore_replaceables",
          "predicate_type": "minecraft:tag_match"
        },
        "state": {
          "Name": "modern_industrialization:antimony_ore"
        }
      },
      {
        "target": {
          "tag": "minecraft:deepslate_ore_replaceables",
          "predicate_type": "minecraft:tag_match"
        },
        "state": {
          "Name": "modern_industrialization:deepslate_antimony_ore"
        }
      }
    ],
    "size": 4,
    "discard_chance_on_air_exposure": 0.3
  },
  "type": "minecraft:ore"
}