{
  "type": "minecraft:ore",
  "config": {
    "size": 8,
    "discard_chance_on_air_exposure": 0.3,
    "targets": [
      {
        "target": {
          "tag": "minecraft:stone_ore_replaceables",
          "predicate_type": "minecraft:tag_match"
        },
        "state": {
          "Name": "techreborn:galena_ore"
        }
      },
      {
        "target": {
          "tag": "minecraft:deepslate_ore_replaceables",
          "predicate_type": "minecraft:tag_match"
        },
        "state": {
          "Name": "techreborn:deepslate_galena_ore"
        }
      }
    ]
  }
}