{
  "type": "aqm2:mining_dim",
  "generator": {
    "type": "minecraft:flat",
    "settings": {
      "structure_overrides": [],
      "biome": "aqm2:mining_dim",
      "lakes": false,
      "features": true,
      "layers": [
        {
          "block": "minecraft:bedrock",
          "height": 1
        },
        {
          "block": "minecraft:deepslate",
          "height": 64
        },
        {
          "block": "minecraft:stone",
          "height": 64
        },
        {
          "block": "minecraft:dirt",
          "height": 3
        },
        {
          "block": "minecraft:grass_block",
          "height": 1
        }
      ]
    }
  }
}