{
  "coalGenerator": {
    "ratio": 16.0,
    "temperatureBoost": 1.5,
    "maxEnergyStored": 1000.0,
    "maxOutput": 64.0
  },
  "solarGeneratorMk1": {
    "ratio": 8.0,
    "temperatureBoost": 1.5,
    "maxEnergyStored": 500.0,
    "maxOutput": 64.0
  },
  "solarGeneratorMk3": {
    "ratio": 12.0,
    "temperatureBoost": 1.5,
    "maxEnergyStored": 1500.0,
    "maxOutput": 512.0
  },
  "heatGenerator": {
    "ratio": 128.0,
    "temperatureBoost": -1.0,
    "maxEnergyStored": 10000,
    "maxOutput": 4096
  },
  "gasGenerator": {
    "ratio": 1.0,
    "temperatureBoost": 1.5,
    "maxEnergyStored": 10000,
    "maxOutput": 4096
  },
  "biomassGenerator": {
    "ratio": 128.0,
    "temperatureBoost": 1.5,
    "maxEnergyStored": 10000.0,
    "maxOutput": 512.0
  }
}