{
  "allowedTags": {
    "minecraft:copper_ores": 2,
    "minecraft:coal_ores": 2,
    "minecraft:gold_ores": 3,
    "minecraft:iron_ores": 3,
    "c:nikolite_ores": 2,
    "c:tin_ores": 2,
    "minecraft:redstone_ores": 2,
    "c:lead_ores": 3,
    "c:silver_ores": 3,
    "c:tungsten_ores": 4,
    "minecraft:diamond_ores": 4,
    "minecraft:emerald_ores": 4,
    "c:ancient_debris_ores": 4,
    "c:cinnabar_ores": 4,
    "c:galena_ores": 4,
    "c:lapis_ores": 4,
    "c:quartz_ores": 4,
    "c:ruby_ores": 4,
    "c:salt_ores": 4,
    "c:sapphire_ores": 4,
    "c:zinc_ores": 4
  }
}