{
	"ENABLE_ENCHANTMENT_SETTINGS": {
		"SHARED_PAIN_CAN_DAMAGE_USER": false,
		"ENABLE_OP_ENCHANTMENT_MIXING": false,
		"LEECHING_CAN_BE_MIXED_WITH_HEALING": false,
		"AREA_OF_EFFECT_ENCHANTS_DONT_AFFECT_PLAYERS": true,
		"ENABLE_INNATE_ENCHANTMENTS": false,
		"EXTRA_XP_HEALING": false
	},
	// ENIGMA_RESONATOR_DIVISOR -> Higher number = lower damage. Default value = 3.25.
	"ENIGMA_RESONATOR_DIVISOR": {
		"ENIGMA_RESONATOR_DIVISOR": 3.25
	},
	// Dynamo Stack Cap, Higher number = more potential damage. Default value = 20.
	"DYNAMO_STACK_CAP": {
		"DYNAMO_STACK_CAP": 20
	},
	// Enchantment Trigger Chances Base. This is not the % to occur, but the higher this number, the higher the chance to trigger.
	"ENCHANTMENT_TRIGGER_BASE_CHANCE": {
		"CHAIN_REACTION": 10,
		"CHAINS": 20,
		"CHARGE": 10,
		"COMMITTED": 30,
		"CRITICAL_HIT": 10,
		"ECHO": 10,
		"EXPLODING": 20,
		"FREEZING": 30,
		"FUSE_SHOT": 20,
		"GRAVITY": 30,
		"POISONING": 30,
		"POISON_CLOUD": 30,
		"PROSPECTOR": 5,
		"RADIANCE": 20,
		"RAMPAGING": 10,
		"REPLENISH": 3,
		"RUSHDOWN": 10,
		"SHADOW_SHOT": 10,
		"SHOCKWAVE": 10,
		"SOUL_SIPHON": 10,
		"STUNNING": 20,
		"SWIRLING": 10,
		"THUNDERING": 20,
		"VOID_SHOT": 25,
		"VOID_STRIKE": 15,
		"WEAKENING": 30,
		"WILD_RAGE": 10
	},
	// Overall Enchantment Strength Slider
	"enchantmentStrength": 1.0
}