{
	"ENABLE_ENCHANTMENTS": {
		"SOUL_SIPHON": true,
		"STUNNING": true,
		"DIPPING_POISON": true,
		"CHAINS": true,
		"GROWING": true,
		"TEMPO_THEFT": true,
		"COBWEB_SHOT": true,
		"DYNAMO": true,
		"REPLENISH": true,
		"EXPLODING": true,
		"ANIMA_CONDUIT": false,
		"WEAKENING": true,
		"OVERCHARGE": true,
		"RUSHDOWN": true,
		"RAMPAGING": true,
		"FUSE_SHOT": true,
		"GRAVITY": true,
		"BUZZY_BEE": true,
		"CHAIN_REACTION": true,
		"GUARDING_STRIKE": true,
		"PHANTOMS_MARK": true,
		"VOID_STRIKE": false,
		"CRITICAL_HIT": true,
		"SOUL_DEVOURER": true,
		"SMITING": true,
		"SHOCKWAVE": true,
		"RADIANCE": true,
		"BONUS_SHOT": true,
		"MULTI_SHOT": true,
		"SHADOW_SHOT": true,
		"ACCELERATE": false,
		"WILD_RAGE": true,
		"PAIN_CYCLE": true,
		"POISONING": true,
		"COMMITTED": true,
		"VOID_SHOT": false,
		"REFRESHMENT": true,
		"ECHO": true,
		"LEVITATION_SHOT": true,
		"RICOCHET": true,
		"THUNDERING": false,
		"PROSPECTOR": true,
		"ENIGMA_RESONATOR": false,
		"ILLAGERS_BANE": true,
		"BURST_BOWSTRING": true,
		"AMBUSH": true,
		"RADIANCE_SHOT": true,
		"CHARGE": true,
		"LEECHING": true,
		"SWIRLING": true,
		"SHADOW_BARB": true,
		"SHARED_PAIN": true,
		"POISON_CLOUD": true,
		"FREEZING": true
	},
	"ENABLE_VILLAGER_TRADING": {
		"SOUL_SIPHON": true,
		"STUNNING": true,
		"DIPPING_POISON": true,
		"CHAINS": true,
		"GROWING": true,
		"TEMPO_THEFT": true,
		"COBWEB_SHOT": true,
		"DYNAMO": false,
		"REPLENISH": true,
		"EXPLODING": true,
		"ANIMA_CONDUIT": false,
		"WEAKENING": true,
		"OVERCHARGE": true,
		"RUSHDOWN": true,
		"RAMPAGING": true,
		"FUSE_SHOT": true,
		"GRAVITY": true,
		"BUZZY_BEE": true,
		"CHAIN_REACTION": true,
		"GUARDING_STRIKE": true,
		"PHANTOMS_MARK": true,
		"VOID_STRIKE": false,
		"CRITICAL_HIT": true,
		"SOUL_DEVOURER": true,
		"SMITING": true,
		"SHOCKWAVE": true,
		"RADIANCE": true,
		"BONUS_SHOT": true,
		"MULTI_SHOT": true,
		"SHADOW_SHOT": true,
		"ACCELERATE": false,
		"WILD_RAGE": true,
		"PAIN_CYCLE": true,
		"POISONING": true,
		"COMMITTED": true,
		"VOID_SHOT": false,
		"REFRESHMENT": true,
		"ECHO": true,
		"LEVITATION_SHOT": true,
		"RICOCHET": true,
		"THUNDERING": false,
		"PROSPECTOR": true,
		"ENIGMA_RESONATOR": false,
		"ILLAGERS_BANE": true,
		"BURST_BOWSTRING": true,
		"AMBUSH": true,
		"RADIANCE_SHOT": true,
		"CHARGE": true,
		"LEECHING": true,
		"SWIRLING": true,
		"SHADOW_BARB": true,
		"SHARED_PAIN": false,
		"POISON_CLOUD": true,
		"FREEZING": true
	},
	"ENABLE_RANDOM_SELECTION": {
		"SOUL_SIPHON": true,
		"STUNNING": true,
		"DIPPING_POISON": true,
		"CHAINS": true,
		"GROWING": true,
		"TEMPO_THEFT": true,
		"COBWEB_SHOT": true,
		"DYNAMO": false,
		"REPLENISH": true,
		"EXPLODING": true,
		"ANIMA_CONDUIT": false,
		"WEAKENING": true,
		"OVERCHARGE": true,
		"RUSHDOWN": true,
		"RAMPAGING": true,
		"FUSE_SHOT": true,
		"GRAVITY": true,
		"BUZZY_BEE": true,
		"CHAIN_REACTION": true,
		"GUARDING_STRIKE": true,
		"PHANTOMS_MARK": true,
		"VOID_STRIKE": false,
		"CRITICAL_HIT": true,
		"SOUL_DEVOURER": true,
		"SMITING": true,
		"SHOCKWAVE": true,
		"RADIANCE": true,
		"BONUS_SHOT": true,
		"MULTI_SHOT": true,
		"SHADOW_SHOT": true,
		"ACCELERATE": false,
		"WILD_RAGE": true,
		"PAIN_CYCLE": true,
		"POISONING": true,
		"COMMITTED": true,
		"VOID_SHOT": false,
		"REFRESHMENT": true,
		"ECHO": true,
		"LEVITATION_SHOT": true,
		"RICOCHET": true,
		"THUNDERING": true,
		"PROSPECTOR": true,
		"ENIGMA_RESONATOR": false,
		"ILLAGERS_BANE": true,
		"BURST_BOWSTRING": false,
		"AMBUSH": true,
		"RADIANCE_SHOT": true,
		"CHARGE": true,
		"LEECHING": true,
		"SWIRLING": true,
		"SHADOW_BARB": true,
		"SHARED_PAIN": false,
		"POISON_CLOUD": true,
		"FREEZING": true
	}
}