{
	// Can use the following tags as repair ingredient -- minecraft:planks, minecraft:stone_crafting_materials. Other tags do not work.
	"swordStats": {
		"SWORD_GREAT_AXEBLADE": {
			"material": "iron",
			"damage": 6,
			"attackSpeed": -3.0,
			"repairIngredient": null
		},
		"SWORD_RAPIER": {
			"material": "iron",
			"damage": 0,
			"attackSpeed": -0.8999999761581421,
			"repairIngredient": null
		},
		"SWORD_DARK_KATANA": {
			"material": "netherite",
			"damage": 2,
			"attackSpeed": -1.149999976158142,
			"repairIngredient": null
		},
		"SWORD_BROADSWORD": {
			"material": "iron",
			"damage": 4,
			"attackSpeed": -3.0,
			"repairIngredient": null
		},
		"SWORD_THE_STARLESS_NIGHT": {
			"material": "netherite",
			"damage": 8,
			"attackSpeed": -3.0,
			"repairIngredient": null
		},
		"SWORD_CORAL_BLADE": {
			"material": "iron",
			"damage": 3,
			"attackSpeed": -2.4000000953674316,
			"repairIngredient": null
		},
		"SWORD_IRON_SWORD_VAR": {
			"material": "iron",
			"damage": 3,
			"attackSpeed": -2.4000000953674316,
			"repairIngredient": null
		},
		"SWORD_BEESTINGER": {
			"material": "iron",
			"damage": 0,
			"attackSpeed": -0.8999999761581421,
			"repairIngredient": null
		},
		"SWORD_CLAYMORE": {
			"material": "iron",
			"damage": 5,
			"attackSpeed": -3.0,
			"repairIngredient": null
		},
		"SWORD_SPONGE_STRIKER": {
			"material": "diamond",
			"damage": 3,
			"attackSpeed": -2.4000000953674316,
			"repairIngredient": null
		},
		"SWORD_SINISTER": {
			"material": "iron",
			"damage": 5,
			"attackSpeed": -2.0,
			"repairIngredient": null
		},
		"SWORD_MECHANIZED_SAWBLADE": {
			"material": "diamond",
			"damage": 3,
			"attackSpeed": -2.4000000953674316,
			"repairIngredient": null
		},
		"SWORD_HEARTSTEALER": {
			"material": "diamond",
			"damage": 4,
			"attackSpeed": -3.0,
			"repairIngredient": null
		},
		"SWORD_FREEZING_FOIL": {
			"material": "iron",
			"damage": 0,
			"attackSpeed": -0.8999999761581421,
			"repairIngredient": null
		},
		"SWORD_OBSIDIAN_CLAYMORE": {
			"material": "netherite",
			"damage": 6,
			"attackSpeed": -3.0,
			"repairIngredient": null
		},
		"SWORD_DIAMOND_SWORD_VAR": {
			"material": "diamond",
			"damage": 3,
			"attackSpeed": -2.4000000953674316,
			"repairIngredient": null
		},
		"SWORD_MASTERS_KATANA": {
			"material": "diamond",
			"damage": 1,
			"attackSpeed": -1.100000023841858,
			"repairIngredient": null
		},
		"SWORD_DANCERS_SWORD": {
			"material": "iron",
			"damage": 1,
			"attackSpeed": -1.0,
			"repairIngredient": null
		},
		"SWORD_KATANA": {
			"material": "iron",
			"damage": 1,
			"attackSpeed": -1.5,
			"repairIngredient": null
		},
		"SWORD_BROKEN_SAWBLADE": {
			"material": "iron",
			"damage": 3,
			"attackSpeed": -2.4000000953674316,
			"repairIngredient": null
		},
		"SWORD_HAWKBRAND": {
			"material": "iron",
			"damage": 5,
			"attackSpeed": -2.0,
			"repairIngredient": null
		},
		"SWORD_CUTLASS": {
			"material": "iron",
			"damage": 3,
			"attackSpeed": -2.700000047683716,
			"repairIngredient": null
		},
		"SWORD_FROST_SLAYER": {
			"material": "diamond",
			"damage": 5,
			"attackSpeed": -3.0,
			"repairIngredient": null
		},
		"SWORD_NAMELESS_BLADE": {
			"material": "iron",
			"damage": 1,
			"attackSpeed": -1.7000000476837158,
			"repairIngredient": null
		}
	},
	"axeStats": {
		"AXE_HIGHLAND": {
			"material": "iron",
			"damage": 6,
			"attackSpeed": -3.0999999046325684,
			"repairIngredient": null
		},
		"AXE_AXE": {
			"material": "iron",
			"damage": 6,
			"attackSpeed": -3.0999999046325684,
			"repairIngredient": null
		},
		"AXE_ANCHOR": {
			"material": "iron",
			"damage": 6,
			"attackSpeed": -3.0999999046325684,
			"repairIngredient": null
		},
		"AXE_ENCRUSTED_ANCHOR": {
			"material": "diamond",
			"damage": 5,
			"attackSpeed": -3.0999999046325684,
			"repairIngredient": null
		},
		"AXE_FIREBRAND": {
			"material": "diamond",
			"damage": 5,
			"attackSpeed": -2.9000000953674316,
			"repairIngredient": null
		}
	},
	"doubleAxeStats": {
		"AXE_DOUBLE": {
			"material": "iron",
			"damage": 6,
			"attackSpeed": -3.0999999046325684,
			"repairIngredient": null
		},
		"AXE_CURSED": {
			"material": "iron",
			"damage": 7,
			"attackSpeed": -3.0999999046325684,
			"repairIngredient": null
		},
		"AXE_WHIRLWIND": {
			"material": "iron",
			"damage": 6,
			"attackSpeed": -2.9000000953674316,
			"repairIngredient": null
		}
	},
	"daggerStats": {
		"DAGGER_SWIFT_STRIKER": {
			"material": "netherite",
			"damage": 4,
			"attackSpeed": -1.0,
			"repairIngredient": null
		},
		"DAGGER_MOON": {
			"material": "iron",
			"damage": 1,
			"attackSpeed": -1.0,
			"repairIngredient": null
		},
		"DAGGER_FANGS_OF_FROST": {
			"material": "iron",
			"damage": 1,
			"attackSpeed": -1.0,
			"repairIngredient": null
		},
		"DAGGER_RESOLUTE_TEMPEST_KNIFE": {
			"material": "iron",
			"damage": 3,
			"attackSpeed": -1.2999999523162842,
			"repairIngredient": null
		},
		"DAGGER_CHILL_GALE_KNIFE": {
			"material": "diamond",
			"damage": 3,
			"attackSpeed": -1.2999999523162842,
			"repairIngredient": null
		},
		"DAGGER_THE_END": {
			"material": "netherite",
			"damage": 4,
			"attackSpeed": -1.2000000476837158,
			"repairIngredient": null
		},
		"DAGGER_TEMPEST_KNIFE": {
			"material": "iron",
			"damage": 2,
			"attackSpeed": -1.2999999523162842,
			"repairIngredient": null
		},
		"DAGGER_BACKSTABBER": {
			"material": "diamond",
			"damage": 3,
			"attackSpeed": -1.2000000476837158,
			"repairIngredient": null
		},
		"DAGGER_THE_BEGINNING": {
			"material": "netherite",
			"damage": 4,
			"attackSpeed": -1.2000000476837158,
			"repairIngredient": null
		},
		"DAGGER_DAGGER": {
			"material": "iron",
			"damage": 1,
			"attackSpeed": -1.2999999523162842,
			"repairIngredient": null
		},
		"DAGGER_VOID_TOUCHED_BLADE": {
			"material": "diamond",
			"damage": 4,
			"attackSpeed": -1.2000000476837158,
			"repairIngredient": null
		},
		"DAGGER_SHEAR_DAGGER": {
			"material": "iron",
			"damage": 1,
			"attackSpeed": -1.2999999523162842,
			"repairIngredient": null
		}
	},
	"soulDaggerStats": {
		"DAGGER_SOUL_KNIFE": {
			"material": "iron",
			"damage": 1,
			"attackSpeed": -1.100000023841858,
			"repairIngredient": null
		},
		"DAGGER_ETERNAL_KNIFE": {
			"material": "netherite",
			"damage": 4,
			"attackSpeed": -0.8999999761581421,
			"repairIngredient": null
		},
		"SWORD_TRUTHSEEKER": {
			"material": "netherite",
			"damage": 3,
			"attackSpeed": -1.5,
			"repairIngredient": null
		}
	},
	"hammerStats": {
		"HAMMER_FLAIL": {
			"material": "iron",
			"damage": 5,
			"attackSpeed": -2.9000000953674316,
			"repairIngredient": null
		},
		"HAMMER_GRAVITY": {
			"material": "diamond",
			"damage": 5,
			"attackSpeed": -3.0,
			"repairIngredient": null
		},
		"HAMMER_BONECLUB": {
			"material": "iron",
			"damage": 5,
			"attackSpeed": -3.0999999046325684,
			"repairIngredient": null
		},
		"HAMMER_STORMLANDER": {
			"material": "diamond",
			"damage": 5,
			"attackSpeed": -3.0,
			"repairIngredient": null
		},
		"HAMMER_GREAT_HAMMER": {
			"material": "iron",
			"damage": 4,
			"attackSpeed": -3.0,
			"repairIngredient": null
		},
		"HAMMER_MACE": {
			"material": "iron",
			"damage": 4,
			"attackSpeed": -2.9000000953674316,
			"repairIngredient": null
		},
		"HAMMER_SUNS_GRACE": {
			"material": "diamond",
			"damage": 4,
			"attackSpeed": -2.5,
			"repairIngredient": null
		},
		"HAMMER_BONE_CUDGEL": {
			"material": "diamond",
			"damage": 5,
			"attackSpeed": -3.0999999046325684,
			"repairIngredient": null
		}
	},
	"gauntletStats": {
		"GAUNTLET_MAULERS": {
			"material": "diamond",
			"damage": 0,
			"attackSpeed": -1.399999976158142,
			"repairIngredient": null
		},
		"GAUNTLET_GAUNTLET": {
			"material": "iron",
			"damage": 0,
			"attackSpeed": -1.399999976158142,
			"repairIngredient": null
		},
		"GAUNTLET_SOUL_FISTS": {
			"material": "netherite",
			"damage": 0,
			"attackSpeed": -1.399999976158142,
			"repairIngredient": null
		}
	},
	"sickleStats": {
		"SICKLE_NIGHTMARES_BITE": {
			"material": "iron",
			"damage": 3,
			"attackSpeed": -1.899999976158142,
			"repairIngredient": null
		},
		"SICKLE_LAST_LAUGH_SILVER": {
			"material": "iron",
			"damage": 2,
			"attackSpeed": -1.899999976158142,
			"repairIngredient": null
		},
		"SICKLE_LAST_LAUGH_GOLD": {
			"material": "iron",
			"damage": 2,
			"attackSpeed": -1.899999976158142,
			"repairIngredient": null
		},
		"SICKLE_SICKLE": {
			"material": "iron",
			"damage": 1,
			"attackSpeed": -1.899999976158142,
			"repairIngredient": null
		}
	},
	"scytheStats": {
		"SICKLE_SKULL_SCYTHE": {
			"material": "diamond",
			"damage": 4,
			"attackSpeed": -2.5,
			"repairIngredient": null
		},
		"SICKLE_SOUL_SCYTHE": {
			"material": "diamond",
			"damage": 3,
			"attackSpeed": -2.25,
			"repairIngredient": null
		},
		"SICKLE_FROST_SCYTHE": {
			"material": "diamond",
			"damage": 4,
			"attackSpeed": -2.5,
			"repairIngredient": null
		},
		"SICKLE_JAILORS_SCYTHE": {
			"material": "iron",
			"damage": 4,
			"attackSpeed": -2.25,
			"repairIngredient": null
		}
	},
	"pickStats": {
		"PICK_MOUNTAINEER_PICK": {
			"material": "iron",
			"damage": 1,
			"attackSpeed": -2.799999952316284,
			"repairIngredient": null
		},
		"PICK_HAILING_PINNACLE": {
			"material": "diamond",
			"damage": 1,
			"attackSpeed": -2.799999952316284,
			"repairIngredient": null
		},
		"PICK_HOWLING_PICK": {
			"material": "iron",
			"damage": 1,
			"attackSpeed": -2.799999952316284,
			"repairIngredient": null
		},
		"PICK_DIAMOND_PICKAXE_VAR": {
			"material": "diamond",
			"damage": 1,
			"attackSpeed": -2.799999952316284,
			"repairIngredient": null
		}
	},
	// This value is ignored if Better Combat is installed! Default: 1.0
	"extraAttackReachOfGlaives": 1.0,
	"glaiveStats": {
		"SPEAR_GRAVE_BANE": {
			"material": "iron",
			"damage": 5,
			"attackSpeed": -2.4000000953674316,
			"repairIngredient": null
		},
		"SPEAR_CACKLING_BROOM": {
			"material": "iron",
			"damage": 5,
			"attackSpeed": -2.4000000953674316,
			"repairIngredient": null
		},
		"SPEAR_VENOM_GLAIVE": {
			"material": "iron",
			"damage": 5,
			"attackSpeed": -2.5,
			"repairIngredient": null
		},
		"SPEAR_GLAIVE": {
			"material": "iron",
			"damage": 3,
			"attackSpeed": -2.700000047683716,
			"repairIngredient": null
		}
	},
	// This value is ignored if Better Combat is installed! Default: 1.0
	"extraAttackReachOfSpears": 1.0,
	"spearStats": {
		"SPEAR_WHISPERING_SPEAR": {
			"material": "iron",
			"damage": 5,
			"attackSpeed": -2.5,
			"repairIngredient": null
		},
		"SPEAR_SPEAR": {
			"material": "iron",
			"damage": 3,
			"attackSpeed": -2.5,
			"repairIngredient": null
		},
		"SPEAR_FORTUNE": {
			"material": "iron",
			"damage": 4,
			"attackSpeed": -2.1500000953674316,
			"repairIngredient": null
		}
	},
	// This value is ignored if Better Combat is installed! Default: 1.0
	"extraAttackReachOfStaves": 1.0,
	"staffStats": {
		"STAFF_BATTLESTAFF": {
			"material": "wood",
			"damage": 0,
			"attackSpeed": -0.10000000149011612,
			"repairIngredient": null
		},
		"STAFF_BATTLESTAFF_OF_TERROR": {
			"material": "iron",
			"damage": 0,
			"attackSpeed": -0.10000000149011612,
			"repairIngredient": null
		},
		"STAFF_GROWING_STAFF": {
			"material": "iron",
			"damage": 1,
			"attackSpeed": -0.10000000149011612,
			"repairIngredient": null
		}
	},
	// This value is ignored if Better Combat is installed! Default: 1.5
	"extraAttackReachOfWhips": 1.5,
	"whipStats": {
		"WHIP_VINE_WHIP": {
			"material": "iron",
			"damage": 5,
			"attackSpeed": -3.0999999046325684,
			"repairIngredient": null
		},
		"WHIP_WHIP": {
			"material": "iron",
			"damage": 2,
			"attackSpeed": -3.0999999046325684,
			"repairIngredient": null
		}
	},
	"bowStats": {
		"BOW_BUBBLE_BURSTER": {
			"material": "diamond",
			"drawSpeed": 13,
			"range": 4.199999809265137,
			"repairIngredient": null
		},
		"BOW_SNOW_BOW": {
			"material": "iron",
			"drawSpeed": 14,
			"range": 4.800000190734863,
			"repairIngredient": null
		},
		"BOW_TRICKBOW": {
			"material": "diamond",
			"drawSpeed": 10,
			"range": 4.199999809265137,
			"repairIngredient": null
		},
		"BOW_ECHO_OF_THE_VALLEY": {
			"material": "diamond",
			"drawSpeed": 9,
			"range": 7.400000095367432,
			"repairIngredient": null
		},
		"BOW_PINK_SCOUNDREL": {
			"material": "diamond",
			"drawSpeed": 15,
			"range": 5.599999904632568,
			"repairIngredient": null
		},
		"BOW_VOID_BOW": {
			"material": "diamond",
			"drawSpeed": 13,
			"range": 4.099999904632568,
			"repairIngredient": null
		},
		"BOW_WEEPING_VINE_BOW": {
			"material": "iron",
			"drawSpeed": 13,
			"range": 4.0,
			"repairIngredient": null
		},
		"BOW_NOCTURNAL_BOW": {
			"material": "diamond",
			"drawSpeed": 15,
			"range": 6.0,
			"repairIngredient": null
		},
		"BOW_BONEBOW": {
			"material": "stone",
			"drawSpeed": 16,
			"range": 3.4000000953674316,
			"repairIngredient": null
		},
		"BOW_PHANTOM_BOW": {
			"material": "diamond",
			"drawSpeed": 20,
			"range": 6.400000095367432,
			"repairIngredient": null
		},
		"BOW_ANCIENT_BOW": {
			"material": "netherite",
			"drawSpeed": 12,
			"range": 7.599999904632568,
			"repairIngredient": null
		},
		"BOW_HAUNTED_BOW": {
			"material": "netherite",
			"drawSpeed": 28,
			"range": 7.0,
			"repairIngredient": null
		},
		"BOW_WIND_BOW": {
			"material": "diamond",
			"drawSpeed": 9,
			"range": 6.800000190734863,
			"repairIngredient": null
		},
		"BOW_ELITE_POWER_BOW": {
			"material": "iron",
			"drawSpeed": 20,
			"range": 6.400000095367432,
			"repairIngredient": null
		},
		"BOW_SABREWING": {
			"material": "diamond",
			"drawSpeed": 8,
			"range": 9.0,
			"repairIngredient": null
		},
		"BOW_POWER_BOW": {
			"material": "iron",
			"drawSpeed": 20,
			"range": 6.400000095367432,
			"repairIngredient": null
		},
		"BOW_HUNTERS_PROMISE": {
			"material": "iron",
			"drawSpeed": 13,
			"range": 5.0,
			"repairIngredient": null
		},
		"BOW_BUBBLE_BOW": {
			"material": "iron",
			"drawSpeed": 13,
			"range": 4.0,
			"repairIngredient": null
		},
		"BOW_BURST_GALE_BOW": {
			"material": "diamond",
			"drawSpeed": 10,
			"range": 7.199999809265137,
			"repairIngredient": null
		},
		"BOW_SHIVERING_BOW": {
			"material": "diamond",
			"drawSpeed": 12,
			"range": 4.0,
			"repairIngredient": null
		},
		"BOW_GREEN_MENACE": {
			"material": "diamond",
			"drawSpeed": 15,
			"range": 5.599999904632568,
			"repairIngredient": null
		},
		"BOW_CALL_OF_THE_VOID": {
			"material": "netherite",
			"drawSpeed": 13,
			"range": 4.300000190734863,
			"repairIngredient": null
		},
		"BOW_TWIN_BOW": {
			"material": "diamond",
			"drawSpeed": 10,
			"range": 4.199999809265137,
			"repairIngredient": null
		},
		"BOW_MASTERS_BOW": {
			"material": "iron",
			"drawSpeed": 15,
			"range": 4.400000095367432,
			"repairIngredient": null
		},
		"BOW_LOST_SOULS": {
			"material": "netherite",
			"drawSpeed": 8,
			"range": 7.400000095367432,
			"repairIngredient": null
		},
		"BOW_TWISTING_VINE_BOW": {
			"material": "iron",
			"drawSpeed": 13,
			"range": 4.0,
			"repairIngredient": null
		},
		"BOW_WINTERS_TOUCH": {
			"material": "diamond",
			"drawSpeed": 13,
			"range": 5.199999809265137,
			"repairIngredient": null
		},
		"BOW_WEB_BOW": {
			"material": "diamond",
			"drawSpeed": 13,
			"range": 5.199999809265137,
			"repairIngredient": null
		},
		"BOW_SOUL_BOW": {
			"material": "iron",
			"drawSpeed": 12,
			"range": 4.0,
			"repairIngredient": null
		},
		"BOW_HUNTING_BOW": {
			"material": "iron",
			"drawSpeed": 14,
			"range": 4.599999904632568,
			"repairIngredient": null
		}
	},
	"shortbowStats": {
		"BOW_MECHANICAL_SHORTBOW": {
			"material": "iron",
			"drawSpeed": 8,
			"range": 2.5999999046325684,
			"repairIngredient": null
		},
		"BOW_LOVE_SPELL_BOW": {
			"material": "iron",
			"drawSpeed": 8,
			"range": 2.0,
			"repairIngredient": null
		},
		"BOW_SHORTBOW": {
			"material": "iron",
			"drawSpeed": 8,
			"range": 2.0,
			"repairIngredient": null
		},
		"BOW_PURPLE_STORM": {
			"material": "iron",
			"drawSpeed": 8,
			"range": 2.0,
			"repairIngredient": null
		}
	},
	"longbowStats": {
		"BOW_LONGBOW": {
			"material": "iron",
			"drawSpeed": 20,
			"range": 7.0,
			"repairIngredient": null
		},
		"BOW_GUARDIAN_BOW": {
			"material": "diamond",
			"drawSpeed": 30,
			"range": 6.400000095367432,
			"repairIngredient": null
		},
		"BOW_RED_SNAKE": {
			"material": "diamond",
			"drawSpeed": 30,
			"range": 8.399999618530273,
			"repairIngredient": null
		}
	},
	"crossbowStats": {
		"CROSSBOW_HEAVY_CROSSBOW": {
			"material": "iron",
			"drawSpeed": 28,
			"range": 8.0,
			"repairIngredient": null
		},
		"CROSSBOW_HARP_CROSSBOW": {
			"material": "iron",
			"drawSpeed": 28,
			"range": 8.600000381469727,
			"repairIngredient": null
		},
		"CROSSBOW_CORRUPTED_CROSSBOW": {
			"material": "netherite",
			"drawSpeed": 22,
			"range": 14.0,
			"repairIngredient": null
		},
		"CROSSBOW_BABY_CROSSBOW": {
			"material": "iron",
			"drawSpeed": 23,
			"range": 7.199999809265137,
			"repairIngredient": null
		},
		"CROSSBOW_DUAL_CROSSBOW": {
			"material": "iron",
			"drawSpeed": 24,
			"range": 7.0,
			"repairIngredient": null
		},
		"CROSSBOW_IMPLODING_CROSSBOW": {
			"material": "iron",
			"drawSpeed": 28,
			"range": 8.0,
			"repairIngredient": null
		},
		"CROSSBOW_THE_SLICER": {
			"material": "iron",
			"drawSpeed": 28,
			"range": 10.199999809265137,
			"repairIngredient": null
		},
		"CROSSBOW_VOIDCALLER_CROSSBOW": {
			"material": "diamond",
			"drawSpeed": 26,
			"range": 12.5,
			"repairIngredient": null
		},
		"CROSSBOW_VEILED_CROSSBOW": {
			"material": "diamond",
			"drawSpeed": 22,
			"range": 14.5,
			"repairIngredient": null
		},
		"CROSSBOW_LIGHTNING_HARP_CROSSBOW": {
			"material": "diamond",
			"drawSpeed": 28,
			"range": 14.199999809265137,
			"repairIngredient": null
		},
		"CROSSBOW_DOOM_CROSSBOW": {
			"material": "netherite",
			"drawSpeed": 26,
			"range": 8.0,
			"repairIngredient": null
		},
		"CROSSBOW_HARPOON_CROSSBOW": {
			"material": "iron",
			"drawSpeed": 28,
			"range": 11.0,
			"repairIngredient": null
		},
		"CROSSBOW_AZURE_SEEKER": {
			"material": "iron",
			"drawSpeed": 28,
			"range": 8.399999618530273,
			"repairIngredient": null
		},
		"CROSSBOW_NAUTICAL_CROSSBOW": {
			"material": "diamond",
			"drawSpeed": 24,
			"range": 14.0,
			"repairIngredient": null
		},
		"CROSSBOW_SHADOW_CROSSBOW": {
			"material": "diamond",
			"drawSpeed": 25,
			"range": 12.0,
			"repairIngredient": null
		},
		"CROSSBOW_EXPLODING_CROSSBOW": {
			"material": "iron",
			"drawSpeed": 28,
			"range": 8.0,
			"repairIngredient": null
		},
		"CROSSBOW_SLAYER_CROSSBOW": {
			"material": "diamond",
			"drawSpeed": 26,
			"range": 8.800000190734863,
			"repairIngredient": null
		},
		"CROSSBOW_BURST_CROSSBOW": {
			"material": "iron",
			"drawSpeed": 28,
			"range": 8.0,
			"repairIngredient": null
		},
		"CROSSBOW_PRIDE_OF_THE_PIGLINS": {
			"material": "netherite",
			"drawSpeed": 20,
			"range": 13.0,
			"repairIngredient": null
		},
		"CROSSBOW_FERAL_SOUL_CROSSBOW": {
			"material": "iron",
			"drawSpeed": 28,
			"range": 9.199999809265137,
			"repairIngredient": null
		},
		"CROSSBOW_FIREBOLT_THROWER": {
			"material": "iron",
			"drawSpeed": 28,
			"range": 7.900000095367432,
			"repairIngredient": null
		},
		"CROSSBOW_SPELLBOUND_CROSSBOW": {
			"material": "iron",
			"drawSpeed": 28,
			"range": 8.899999618530273,
			"repairIngredient": null
		},
		"CROSSBOW_SOUL_CROSSBOW": {
			"material": "iron",
			"drawSpeed": 28,
			"range": 8.0,
			"repairIngredient": null
		},
		"CROSSBOW_BUTTERFLY_CROSSBOW": {
			"material": "iron",
			"drawSpeed": 28,
			"range": 8.899999618530273,
			"repairIngredient": null
		},
		"CROSSBOW_SCATTER_CROSSBOW": {
			"material": "iron",
			"drawSpeed": 28,
			"range": 8.0,
			"repairIngredient": null
		},
		"CROSSBOW_RAPID_CROSSBOW": {
			"material": "iron",
			"drawSpeed": 20,
			"range": 8.199999809265137,
			"repairIngredient": null
		},
		"CROSSBOW_AUTO_CROSSBOW": {
			"material": "iron",
			"drawSpeed": 28,
			"range": 8.0,
			"repairIngredient": null
		},
		"CROSSBOW_COG_CROSSBOW": {
			"material": "iron",
			"drawSpeed": 28,
			"range": 8.399999618530273,
			"repairIngredient": null
		},
		"CROSSBOW_SOUL_HUNTER_CROSSBOW": {
			"material": "diamond",
			"drawSpeed": 28,
			"range": 11.0,
			"repairIngredient": null
		}
	},
	"shieldStats": {
		"SHIELD_ROYAL_GUARD": {
			"material": "diamond",
			"repairIngredient": null
		},
		"SHIELD_TOWER_GUARD": {
			"material": "diamond",
			"repairIngredient": [
				"minecraft:iron_ingot",
				"minecraft:gold_ingot",
				"minecraft:copper_ingot"
			]
		},
		"SHIELD_VANGUARD": {
			"material": "diamond",
			"repairIngredient": null
		}
	}
}